condition,seed,model,n_training,n_heldout,n_reversal_test,reversal_fraction_heldout,reversal_tip_train_min,reversal_tip_train_max,nrmse_pair,nrmse_force,reversal_force_nrmse,true_signed_area_native_force_displacement,completed_signed_area_native_force_displacement,completed_area_error_pct,opt_iters
AF10,0,Linear (clamped),400,171,24,0.14035087719298,332,36,0.00018164850672256,0.0002318687303728,0.00023278762921451,-41.838007253585,-41.835281048281,0.0065160974035177,0
AF10,0,PCHIP (clamped),400,171,24,0.14035087719298,332,36,0.00018638565024629,0.00025860748141728,0.00023548375288551,-41.838007253585,-41.837601451773,0.00096993580441584,0
AF10,0,Cubic spline (clamped),400,171,24,0.14035087719298,332,36,0.00021159399900596,0.00029627569999082,0.00028716828006602,-41.838007253585,-41.837313497577,0.0016581956298228,0
AF10,0,FCM-TS,400,171,24,0.14035087719298,332,36,0.0051269748602674,0.0024157117591399,0.0028883566552192,-41.838007253585,-41.824478089252,0.032337018949376,0
AF10,0,SC9-TS,400,171,24,0.14035087719298,332,36,0.0091544245614925,0.0097549446432036,0.011626347866303,-41.838007253585,-41.908773940536,0.16914449706481,0
AF10,0,SC16-TS,400,171,24,0.14035087719298,332,36,0.0033018729023208,0.0030765173906206,0.0053345527577521,-41.838007253585,-41.850910877724,0.030841870791017,0
AF10,0,ANFIS-TS,400,171,24,0.14035087719298,332,36,0.0016455360195957,0.0018878059045776,0.0022902229213959,-41.838007253585,-41.845008579458,0.016734367461661,33
AF10,1,Linear (clamped),400,171,30,0.17543859649123,334,36,0.00018993035989556,0.00021997527728532,0.0002647568832066,-41.838007253585,-41.833544610944,0.010666479916461,0
AF10,1,PCHIP (clamped),400,171,30,0.17543859649123,334,36,0.00018239821260955,0.00023904739512344,0.00028912778691111,-41.838007253585,-41.834543147455,0.0082798067053691,0
AF10,1,Cubic spline (clamped),400,171,30,0.17543859649123,334,36,0.00018986072984861,0.00026506431419163,0.00030787713956513,-41.838007253585,-41.834279409484,0.0089101856087886,0
AF10,1,FCM-TS,400,171,30,0.17543859649123,334,36,0.0051075695848055,0.0023003680045488,0.0029019766638198,-41.838007253585,-41.823867856446,0.033795579827963,0
AF10,1,SC9-TS,400,171,30,0.17543859649123,334,36,0.01001338950851,0.011172297427326,0.015393078166194,-41.838007253585,-41.878160281162,0.09597261010379,0
AF10,1,SC16-TS,400,171,30,0.17543859649123,334,36,0.0032807199256284,0.0030795497992935,0.0045315212785107,-41.838007253585,-41.830691589694,0.017485689141741,0
AF10,1,ANFIS-TS,400,171,30,0.17543859649123,334,36,0.0024000408161835,0.0029019231763559,0.0043274008661925,-41.838007253585,-41.821688933367,0.039003579016267,44
AF10,2,Linear (clamped),400,171,25,0.14619883040936,333,36,0.00020184245127932,0.00024327619997836,0.00026427086161411,-41.838007253585,-41.8340482371,0.0094627271844288,0
AF10,2,PCHIP (clamped),400,171,25,0.14619883040936,333,36,0.0002000929404009,0.00026749977170201,0.00027732937303944,-41.838007253585,-41.836486712034,0.0036343546236904,0
AF10,2,Cubic spline (clamped),400,171,25,0.14619883040936,333,36,0.00020832918844149,0.00029103779322412,0.00028418629281005,-41.838007253585,-41.836558007778,0.0034639455892622,0
AF10,2,FCM-TS,400,171,25,0.14619883040936,333,36,0.0053662576057749,0.0021950659307052,0.0027812942250178,-41.838007253585,-41.860565502665,0.053918077270156,0
AF10,2,SC9-TS,400,171,25,0.14619883040936,333,36,0.0094933782162269,0.010486620344087,0.01289861211237,-41.838007253585,-41.8884476756,0.12056124401232,0
AF10,2,SC16-TS,400,171,25,0.14619883040936,333,36,0.0033394429149241,0.0029633166059239,0.0049178998904991,-41.838007253585,-41.84870386338,0.025566728668286,0
AF10,2,ANFIS-TS,400,171,25,0.14619883040936,333,36,0.00260385229328,0.0029794626911549,0.005145376831277,-41.838007253585,-41.802734642451,0.084307579280168,46
AF10,3,Linear (clamped),400,171,23,0.13450292397661,333,36,0.00021701872915582,0.00024278852535078,0.0002790641626121,-41.838007253585,-41.833163938555,0.011576352097867,0
AF10,3,PCHIP (clamped),400,171,23,0.13450292397661,333,36,0.00021299752714306,0.00026392401802135,0.00031493660466317,-41.838007253585,-41.835225323747,0.006649288580087,0
AF10,3,Cubic spline (clamped),400,171,23,0.13450292397661,333,36,0.00022860741411128,0.00029533114986023,0.00037385271129417,-41.838007253585,-41.835447502297,0.0061182438089306,0
AF10,3,FCM-TS,400,171,23,0.13450292397661,333,36,0.0053453863148895,0.0024663676061696,0.002229063764571,-41.838007253585,-41.893475737007,0.13257917157753,0
AF10,3,SC9-TS,400,171,23,0.13450292397661,333,36,0.010035214947423,0.01126760616637,0.013394679129448,-41.838007253585,-41.856139642179,0.043339513002046,0
AF10,3,SC16-TS,400,171,23,0.13450292397661,333,36,0.0032192683936433,0.003105093255983,0.0045373158554015,-41.838007253585,-41.805425066605,0.077877004951586,0
AF10,3,ANFIS-TS,400,171,23,0.13450292397661,333,36,0.0030965597252962,0.0037975163983892,0.0053026239865904,-41.838007253585,-41.859776459506,0.0520321290375,28
AF10,4,Linear (clamped),400,171,23,0.13450292397661,332,36,0.0002004065330767,0.00023653922644477,0.00027361867283242,-41.838007253585,-41.83225201257,0.013756011323583,0
AF10,4,PCHIP (clamped),400,171,23,0.13450292397661,332,36,0.00020165836633641,0.00026583289434946,0.00025651393220268,-41.838007253585,-41.833198287874,0.011494251343851,0
AF10,4,Cubic spline (clamped),400,171,23,0.13450292397661,332,36,0.00023327095203363,0.00031857402039275,0.00027810796790459,-41.838007253585,-41.832565171944,0.013007506807704,0
AF10,4,FCM-TS,400,171,23,0.13450292397661,332,36,0.0053394199380905,0.0022332205460571,0.0021036215694114,-41.838007253585,-41.831962561778,0.014447848269849,0
AF10,4,SC9-TS,400,171,23,0.13450292397661,332,36,0.0097216533319748,0.010974197004205,0.015658084090667,-41.838007253585,-41.825127015906,0.030785973148942,0
AF10,4,SC16-TS,400,171,23,0.13450292397661,332,36,0.0034569710343665,0.0032902135538534,0.0065119836993196,-41.838007253585,-41.845153057203,0.017079694007988,0
AF10,4,ANFIS-TS,400,171,23,0.13450292397661,332,36,0.00094627250164967,0.00093631564077042,0.00075187949978706,-41.838007253585,-41.839694199217,0.0040320888644075,46
AF10,5,Linear (clamped),400,171,21,0.12280701754386,332,36,0.00020218118742497,0.00025271816894808,0.00031249416847391,-41.838007253585,-41.830030483856,0.019065845275815,0
AF10,5,PCHIP (clamped),400,171,21,0.12280701754386,332,36,0.00019137383100579,0.0002604045523043,0.00033358753669538,-41.838007253585,-41.832923911171,0.012150058638441,0
AF10,5,Cubic spline (clamped),400,171,21,0.12280701754386,332,36,0.00020205736790929,0.00028257435437391,0.00035667271142498,-41.838007253585,-41.833804359301,0.010045636873831,0
AF10,5,FCM-TS,400,171,21,0.12280701754386,332,36,0.0054493312126827,0.0021300877947048,0.001620430897522,-41.838007253585,-41.787541993616,0.12062061097462,0
AF10,5,SC9-TS,400,171,21,0.12280701754386,332,36,0.0087110527167463,0.009075625453882,0.014063011029978,-41.838007253585,-41.950806896539,0.26961045795072,0
AF10,5,SC16-TS,400,171,21,0.12280701754386,332,36,0.0031146867510696,0.0027863641750785,0.0050395004144356,-41.838007253585,-41.870222350084,0.076999595853314,0
AF10,5,ANFIS-TS,400,171,21,0.12280701754386,332,36,0.0013457900294035,0.0014281694806503,0.0021456049369137,-41.838007253585,-41.837259945091,0.0017861952405327,46
AF10,6,Linear (clamped),400,171,23,0.13450292397661,332,36,0.00020816140904481,0.00023015873524391,0.00022916477816631,-41.838007253585,-41.8340619013,0.0094300674052571,0
AF10,6,PCHIP (clamped),400,171,23,0.13450292397661,332,36,0.00020061266939303,0.00024746483251857,0.00023762237248488,-41.838007253585,-41.83677487109,0.0029456051488451,0
AF10,6,Cubic spline (clamped),400,171,23,0.13450292397661,332,36,0.00021576535029962,0.00027400676734734,0.00026520876337282,-41.838007253585,-41.837492466499,0.001230429267573,0
AF10,6,FCM-TS,400,171,23,0.13450292397661,332,36,0.0052007437294349,0.0024614949916378,0.0030054851945886,-41.838007253585,-41.875185960791,0.088863475212345,0
AF10,6,SC9-TS,400,171,23,0.13450292397661,332,36,0.010149144540571,0.011471028850577,0.015147239050095,-41.838007253585,-41.930074246819,0.22005587569148,0
AF10,6,SC16-TS,400,171,23,0.13450292397661,332,36,0.0032628915196347,0.0031038384795203,0.0040993403923683,-41.838007253585,-41.805559721798,0.077555155986317,0
AF10,6,ANFIS-TS,400,171,23,0.13450292397661,332,36,0.0010266079436168,0.0011481212498314,0.0013469841527419,-41.838007253585,-41.844623432029,0.015813799170361,46
AF10,7,Linear (clamped),400,171,26,0.15204678362573,333,35,0.00018250533983671,0.0002165517323471,0.00026416314237827,-41.838007253585,-41.835896730867,0.0050445106184803,0
AF10,7,PCHIP (clamped),400,171,26,0.15204678362573,333,35,0.00017879473337575,0.00024439091630845,0.00028076156359921,-41.838007253585,-41.837290243978,0.0017137757142394,0
AF10,7,Cubic spline (clamped),400,171,26,0.15204678362573,333,35,0.00019818668415353,0.00027726103752429,0.00030422399224416,-41.838007253585,-41.837394069637,0.001465614612543,0
AF10,7,FCM-TS,400,171,26,0.15204678362573,333,35,0.0051782419306601,0.002184515235742,0.0022681374667459,-41.838007253585,-41.889820173336,0.12384174857216,0
AF10,7,SC9-TS,400,171,26,0.15204678362573,333,35,0.008541181553519,0.0092786058182563,0.014397730050748,-41.838007253585,-41.903365420811,0.15621720898374,0
AF10,7,SC16-TS,400,171,26,0.15204678362573,333,35,0.0031454989029164,0.0028896973810073,0.0054840784192476,-41.838007253585,-41.823969582003,0.03355243832918,0
AF10,7,ANFIS-TS,400,171,26,0.15204678362573,333,35,0.0024781664111086,0.0028695136808712,0.0053203720203735,-41.838007253585,-41.839854862548,0.0044161017313926,46
AF10,8,Linear (clamped),400,171,24,0.14035087719298,332,36,0.00022689134718726,0.00021445488525656,0.0002561066905995,-41.838007253585,-41.840125582409,0.005063168546692,0
AF10,8,PCHIP (clamped),400,171,24,0.14035087719298,332,36,0.00018277790390817,0.00023973940296236,0.0002640262823466,-41.838007253585,-41.841258253169,0.0077704455766222,0
AF10,8,Cubic spline (clamped),400,171,24,0.14035087719298,332,36,0.00020146632211434,0.00027357177454598,0.00032183353861655,-41.838007253585,-41.841418568807,0.0081536273972271,0
AF10,8,FCM-TS,400,171,24,0.14035087719298,332,36,0.0056561529863259,0.0024760388182781,0.0027329174309006,-41.838007253585,-41.869853080919,0.07611697932972,0
AF10,8,SC9-TS,400,171,24,0.14035087719298,332,36,0.0099946836536846,0.010819266282134,0.015079762176154,-41.838007253585,-41.895185240662,0.13666517798038,0
AF10,8,SC16-TS,400,171,24,0.14035087719298,332,36,0.0033447316243558,0.0028877691095694,0.0041948613073412,-41.838007253585,-41.866854624257,0.068950154573177,0
AF10,8,ANFIS-TS,400,171,24,0.14035087719298,332,36,0.0027692894618022,0.0034235802255255,0.0061984028102289,-41.838007253585,-41.834812734986,0.007635446355033,46
AF10,9,Linear (clamped),400,171,28,0.16374269005848,331,34,0.0002819297991659,0.00026503294378103,0.00021970365950711,-41.838007253585,-41.836337953842,0.0039899121707886,0
AF10,9,PCHIP (clamped),400,171,28,0.16374269005848,331,34,0.00027276353718532,0.00028969873131378,0.00025291176796764,-41.838007253585,-41.839422113065,0.0033817563800438,0
AF10,9,Cubic spline (clamped),400,171,28,0.16374269005848,331,34,0.00028655989813147,0.00032252207335116,0.00029110261463132,-41.838007253585,-41.841250691499,0.0077523718909784,0
AF10,9,FCM-TS,400,171,28,0.16374269005848,331,34,0.0054919152666749,0.0025593955275644,0.0030237063764487,-41.838007253585,-41.916668600582,0.18801408613995,0
AF10,9,SC9-TS,400,171,28,0.16374269005848,331,34,0.010550864073057,0.011659747572646,0.014807265269435,-41.838007253585,-41.831182328803,0.016312738655633,0
AF10,9,SC16-TS,400,171,28,0.16374269005848,331,34,0.0034458927749143,0.003180612792439,0.0046756318738388,-41.838007253585,-41.858787170032,0.049667557827708,0
AF10,9,ANFIS-TS,400,171,28,0.16374269005848,331,34,0.0014081256230381,0.0015506472181369,0.0018211231313941,-41.838007253585,-41.844458867335,0.015420461377413,46
AF19,0,Linear (clamped),400,171,27,0.15789473684211,308,18,0.00069970920676118,0.00098605274820646,0.00098081834292799,-2.1305066977069,-2.130467355527,0.001846611415783,0
AF19,0,PCHIP (clamped),400,171,27,0.15789473684211,308,18,0.00079439840687223,0.0011228214117305,0.0011938662450143,-2.1305066977069,-2.1305353110015,0.0013430276791274,0
AF19,0,Cubic spline (clamped),400,171,27,0.15789473684211,308,18,0.0008916908363983,0.0012607378112723,0.0013262699226606,-2.1305066977069,-2.1303845487157,0.0057333305423812,0
AF19,0,FCM-TS,400,171,27,0.15789473684211,308,18,0.0033144879251192,0.0022154510819393,0.0030156682103445,-2.1305066977069,-2.1319423584014,0.067385880369259,0
AF19,0,SC9-TS,400,171,27,0.15789473684211,308,18,0.0091208128130797,0.008749011469669,0.014549012816767,-2.1305066977069,-2.1332883194718,0.13056151233508,0
AF19,0,SC16-TS,400,171,27,0.15789473684211,308,18,0.0030056922551914,0.0030684918270338,0.0053819628318184,-2.1305066977069,-2.1304975892213,0.00042752672852789,0
AF19,0,ANFIS-TS,400,171,27,0.15789473684211,308,18,0.0014844092861533,0.0013875609472373,0.0010033238750992,-2.1305066977069,-2.1338649318299,0.15762607677459,35
AF19,1,Linear (clamped),400,171,28,0.16374269005848,308,18,0.00071167657948276,0.0010023714440626,0.00085066328029275,-2.1305066977069,-2.1300795681825,0.020048260107869,0
AF19,1,PCHIP (clamped),400,171,28,0.16374269005848,308,18,0.00081238119448983,0.0011481068882501,0.00094153077169316,-2.1305066977069,-2.1292642856015,0.058315334409099,0
AF19,1,Cubic spline (clamped),400,171,28,0.16374269005848,308,18,0.00096242765829904,0.0013607774566721,0.0012186917112824,-2.1305066977069,-2.1286215568751,0.088483215462848,0
AF19,1,FCM-TS,400,171,28,0.16374269005848,308,18,0.0030483667625539,0.0019241862625141,0.0029272313709693,-2.1305066977069,-2.1284799836131,0.095128266715167,0
AF19,1,SC9-TS,400,171,28,0.16374269005848,308,18,0.010370893545047,0.0099717254516639,0.013011112237759,-2.1305066977069,-2.1338274578668,0.15586715420815,0
AF19,1,SC16-TS,400,171,28,0.16374269005848,308,18,0.003024479102097,0.0030892530239355,0.0044230622361282,-2.1305066977069,-2.1330229263441,0.11810470438735,0
AF19,1,ANFIS-TS,400,171,28,0.16374269005848,308,18,0.0022706250138458,0.0022491941534217,0.0032446347552766,-2.1305066977069,-2.1310609773524,0.02601632964406,46
AF19,2,Linear (clamped),400,171,23,0.13450292397661,308,18,0.0007214023971812,0.0010165442511389,0.00076709238842443,-2.1305066977069,-2.1296856979961,0.038535420311386,0
AF19,2,PCHIP (clamped),400,171,23,0.13450292397661,308,18,0.00083203186117014,0.0011756356481452,0.00091642939994154,-2.1305066977069,-2.1300383518095,0.0219828408856,0
AF19,2,Cubic spline (clamped),400,171,23,0.13450292397661,308,18,0.00096110430358123,0.0013586866816069,0.0010182482681802,-2.1305066977069,-2.1301751193365,0.015563357331856,0
AF19,2,FCM-TS,400,171,23,0.13450292397661,308,18,0.003165992517056,0.0019312406470041,0.0028246813702432,-2.1305066977069,-2.1263674215644,0.19428599529607,0
AF19,2,SC9-TS,400,171,23,0.13450292397661,308,18,0.0097533287265503,0.009380426354969,0.012791194289946,-2.1305066977069,-2.1301278287365,0.017783045264212,0
AF19,2,SC16-TS,400,171,23,0.13450292397661,308,18,0.0029181328207513,0.0029381125946153,0.0044015718323186,-2.1305066977069,-2.1296278324132,0.041251468237408,0
AF19,2,ANFIS-TS,400,171,23,0.13450292397661,308,18,0.0032362155395475,0.0032117062534729,0.0040872144795771,-2.1305066977069,-2.1296283508859,0.04122713258382,23
AF19,3,Linear (clamped),400,171,27,0.15789473684211,308,18,0.00081747681417012,0.0011502541258206,0.00095044267729217,-2.1305066977069,-2.1248642196378,0.26484207138068,0
AF19,3,PCHIP (clamped),400,171,27,0.15789473684211,308,18,0.00092652653271989,0.0013084184535337,0.0010679190594545,-2.1305066977069,-2.1234388269962,0.33174599818542,0
AF19,3,Cubic spline (clamped),400,171,27,0.15789473684211,308,18,0.0010993567726861,0.0015533115124078,0.0015732461829851,-2.1305066977069,-2.1219874734338,0.39986845768895,0
AF19,3,FCM-TS,400,171,27,0.15789473684211,308,18,0.0032286888662629,0.0021184586637132,0.003152147173472,-2.1305066977069,-2.1338411049596,0.15650771041296,0
AF19,3,SC9-TS,400,171,27,0.15789473684211,308,18,0.010475951640722,0.010074504542286,0.017555909075624,-2.1305066977069,-2.1299539690213,0.025943531940224,0
AF19,3,SC16-TS,400,171,27,0.15789473684211,308,18,0.0030345744622013,0.0031468372326712,0.0054015443147727,-2.1305066977069,-2.1257786442102,0.22192155048347,0
AF19,3,ANFIS-TS,400,171,27,0.15789473684211,308,18,0.0014566230438666,0.0015422889133607,0.0014636893940651,-2.1305066977069,-2.1263981408606,0.19284411781661,37
AF19,4,Linear (clamped),400,171,18,0.10526315789474,308,18,0.00074209002636954,0.0010415901373703,0.00085449215782038,-2.1305066977069,-2.1291457724763,0.063878007614458,0
AF19,4,PCHIP (clamped),400,171,18,0.10526315789474,308,18,0.00088213208723052,0.0012465475015841,0.00092698726340928,-2.1305066977069,-2.1287879675229,0.080672367086571,0
AF19,4,Cubic spline (clamped),400,171,18,0.10526315789474,308,18,0.0010233492476049,0.0014469450219494,0.0010527245431775,-2.1305066977069,-2.1281775822795,0.10932213589847,0
AF19,4,FCM-TS,400,171,18,0.10526315789474,308,18,0.0029648195486202,0.0018362610764167,0.0033572445116866,-2.1305066977069,-2.1304774401701,0.0013732665949634,0
AF19,4,SC9-TS,400,171,18,0.10526315789474,308,18,0.010123447426105,0.0097123022942164,0.016818631523438,-2.1305066977069,-2.1262759164359,0.19858098899987,0
AF19,4,SC16-TS,400,171,18,0.10526315789474,308,18,0.0031671461746709,0.0031382794605171,0.0049349749354064,-2.1305066977069,-2.1303654102296,0.0066316373216017,0
AF19,4,ANFIS-TS,400,171,18,0.10526315789474,308,18,0.0037569072073097,0.0037409289065779,0.0049429151238191,-2.1305066977069,-2.1355002921721,0.23438529766735,23
AF19,5,Linear (clamped),400,171,18,0.10526315789474,308,18,0.0007909740944899,0.0011127722988784,0.00076774538329295,-2.1305066977069,-2.1271434866934,0.15785967803337,0
AF19,5,PCHIP (clamped),400,171,18,0.10526315789474,308,18,0.00089987428903038,0.0012712312866188,0.00086007500217961,-2.1305066977069,-2.1265379389085,0.18628239012842,0
AF19,5,Cubic spline (clamped),400,171,18,0.10526315789474,308,18,0.0010253537989413,0.0014494613865598,0.0010961483411169,-2.1305066977069,-2.1259000732666,0.21622201165891,0
AF19,5,FCM-TS,400,171,18,0.10526315789474,308,18,0.0031426179183699,0.0018939313538796,0.0021254854916176,-2.1305066977069,-2.1254038384673,0.23951387926069,0
AF19,5,SC9-TS,400,171,18,0.10526315789474,308,18,0.0085586156851638,0.0081652471873778,0.0092764953910277,-2.1305066977069,-2.1295226235701,0.046189675811475,0
AF19,5,SC16-TS,400,171,18,0.10526315789474,308,18,0.0027330569666498,0.0027918385783841,0.0037346620744948,-2.1305066977069,-2.129770934843,0.034534642141095,0
AF19,5,ANFIS-TS,400,171,18,0.10526315789474,308,18,0.0021601817728127,0.002084088853925,0.0025342594667087,-2.1305066977069,-2.1316629541063,0.05427142757573,46
AF19,6,Linear (clamped),400,171,25,0.14619883040936,307,18,0.00076726289145662,0.0010782513895135,0.00099788249210747,-2.1305066977069,-2.129083609384,0.066795768556498,0
AF19,6,PCHIP (clamped),400,171,25,0.14619883040936,307,18,0.00087796103039325,0.0012390297459804,0.0010818832857932,-2.1305066977069,-2.1297766863719,0.034264681532807,0
AF19,6,Cubic spline (clamped),400,171,25,0.14619883040936,307,18,0.0010254593680584,0.001448527249052,0.0012848681996439,-2.1305066977069,-2.1306749202043,0.0078958915105713,0
AF19,6,FCM-TS,400,171,25,0.14619883040936,307,18,0.0031925259304774,0.0020835677226468,0.0030402220546249,-2.1305066977069,-2.1387298328054,0.38597086352246,0
AF19,6,SC9-TS,400,171,25,0.14619883040936,307,18,0.010586214959056,0.01024140877889,0.01569111502494,-2.1305066977069,-2.1348457483046,0.20366284707598,0
AF19,6,SC16-TS,400,171,25,0.14619883040936,307,18,0.0030071628680858,0.0030691039176729,0.0047738138451015,-2.1305066977069,-2.1296223094154,0.041510702241045,0
AF19,6,ANFIS-TS,400,171,25,0.14619883040936,307,18,0.0031860025361967,0.003040105451559,0.0055118156241092,-2.1305066977069,-2.130459908217,0.0021961672291395,46
AF19,7,Linear (clamped),400,171,24,0.14035087719298,306,18,0.00070251937053383,0.00098917359137918,0.0010345332665444,-2.1305066977069,-2.1325241460854,0.094693360066459,0
AF19,7,PCHIP (clamped),400,171,24,0.14035087719298,306,18,0.00080370492062795,0.0011358739245765,0.0011222292363412,-2.1305066977069,-2.1331249607792,0.12289391416206,0
AF19,7,Cubic spline (clamped),400,171,24,0.14035087719298,306,18,0.00094570756905441,0.0013371743351926,0.0012437054755975,-2.1305066977069,-2.1336958260947,0.14968872856652,0
AF19,7,FCM-TS,400,171,24,0.14035087719298,306,18,0.0029796247381324,0.0018518769930112,0.0020889930092587,-2.1305066977069,-2.1388150507382,0.38997075391757,0
AF19,7,SC9-TS,400,171,24,0.14035087719298,306,18,0.0087052230940465,0.0083052108621662,0.010500655921216,-2.1305066977069,-2.1311417702934,0.029808523353615,0
AF19,7,SC16-TS,400,171,24,0.14035087719298,306,18,0.0028811986143353,0.0029651681379216,0.0035740316045444,-2.1305066977069,-2.1316907326159,0.055575272790194,0
AF19,7,ANFIS-TS,400,171,24,0.14035087719298,306,18,0.0022110045795579,0.0021787543534249,0.0021930777284011,-2.1305066977069,-2.1359402736046,0.25503679024302,30
AF19,8,Linear (clamped),400,171,28,0.16374269005848,309,18,0.00071774837852824,0.0010096835351483,0.00093472938705438,-2.1305066977069,-2.1301524984417,0.01662511859262,0
AF19,8,PCHIP (clamped),400,171,28,0.16374269005848,309,18,0.00083938965191236,0.0011863633294355,0.0010433799049532,-2.1305066977069,-2.1309916748392,0.022763464336019,0
AF19,8,Cubic spline (clamped),400,171,28,0.16374269005848,309,18,0.0009587830476483,0.0013556139144813,0.0013114275780296,-2.1305066977069,-2.1323300932687,0.08558506592913,0
AF19,8,FCM-TS,400,171,28,0.16374269005848,309,18,0.0033942755018155,0.00234068210515,0.0029274537841994,-2.1305066977069,-2.1309931447967,0.022832460011001,0
AF19,8,SC9-TS,400,171,28,0.16374269005848,309,18,0.010195218548002,0.0097694483858781,0.016040202012932,-2.1305066977069,-2.1317494875431,0.058333064033653,0
AF19,8,SC16-TS,400,171,28,0.16374269005848,309,18,0.0029326859864389,0.0029781901163742,0.004250581645043,-2.1305066977069,-2.1295754635324,0.04370951640208,0
AF19,8,ANFIS-TS,400,171,28,0.16374269005848,309,18,0.0023367457111614,0.0022994255394264,0.0026247129539432,-2.1305066977069,-2.1338176317871,0.15540594562713,46
AF19,9,Linear (clamped),400,171,28,0.16374269005848,308,18,0.00076866408501262,0.001077946573376,0.0011552413342731,-2.1305066977069,-2.131125553626,0.029047358536723,0
AF19,9,PCHIP (clamped),400,171,28,0.16374269005848,308,18,0.00087671828510478,0.0012358580315275,0.0012860171194492,-2.1305066977069,-2.1306466258857,0.0065678356716336,0
AF19,9,Cubic spline (clamped),400,171,28,0.16374269005848,308,18,0.00095810375699034,0.0013517218064081,0.0013320191602145,-2.1305066977069,-2.1300874384258,0.019678852994414,0
AF19,9,FCM-TS,400,171,28,0.16374269005848,308,18,0.0033046747761655,0.0020715429245966,0.0029388139150677,-2.1305066977069,-2.1441365334405,0.63974620442731,0
AF19,9,SC9-TS,400,171,28,0.16374269005848,308,18,0.010778577611866,0.010304937439177,0.016020337211413,-2.1305066977069,-2.1331135069431,0.12235630327214,0
AF19,9,SC16-TS,400,171,28,0.16374269005848,308,18,0.003085164561827,0.003082151233748,0.0044629772954042,-2.1305066977069,-2.1317173298547,0.056823672467763,0
AF19,9,ANFIS-TS,400,171,28,0.16374269005848,308,18,0.0015116752544907,0.0014068090054699,0.001454838813339,-2.1305066977069,-2.1347688466427,0.20005329907885,36
AF24,0,Linear (clamped),400,171,24,0.14035087719298,290,2,0.00076739561442166,0.0010816002642993,0.001106669757804,-4.4000065186973,-4.398662801741,0.030538976491475,0
AF24,0,PCHIP (clamped),400,171,24,0.14035087719298,290,2,0.00085301489564944,0.0012054529660751,0.0012086216509237,-4.4000065186973,-4.3985466060441,0.033179783870361,0
AF24,0,Cubic spline (clamped),400,171,24,0.14035087719298,290,2,0.00095601615209104,0.0013514822497395,0.0013887638626262,-4.4000065186973,-4.3982420575389,0.040101330552992,0
AF24,0,FCM-TS,400,171,24,0.14035087719298,290,2,0.0031068682663412,0.0026565709257458,0.0038838276239991,-4.4000065186973,-4.4016215639989,0.036705520654525,0
AF24,0,SC9-TS,400,171,24,0.14035087719298,290,2,0.0082128787368721,0.0077707710437231,0.013112032677629,-4.4000065186973,-4.4034118962098,0.077394828802795,0
AF24,0,SC16-TS,400,171,24,0.14035087719298,290,2,0.003030533467243,0.0031202402021182,0.0055726728869351,-4.4000065186973,-4.3999744276181,0.00072934162856001,0
AF24,0,ANFIS-TS,400,171,24,0.14035087719298,290,2,0.0011610652988124,0.0011566629684887,0.0013085977551223,-4.4000065186973,-4.4015964856797,0.03613555969934,33
AF24,1,Linear (clamped),400,171,16,0.093567251461988,290,1,0.00079083199610045,0.0011150032329473,0.0013162368376377,-4.4000065186973,-4.3986463403704,0.030913097995025,0
AF24,1,PCHIP (clamped),400,171,16,0.093567251461988,290,1,0.00089650184228746,0.0012672423102973,0.0016796802064308,-4.4000065186973,-4.3987956694958,0.027519259264702,0
AF24,1,Cubic spline (clamped),400,171,16,0.093567251461988,290,1,0.00099829894881758,0.0014115671216016,0.0020139412013006,-4.4000065186973,-4.3985518035472,0.033061658976669,0
AF24,1,FCM-TS,400,171,16,0.093567251461988,290,1,0.0029247519565802,0.0023545636148261,0.0038506290126423,-4.4000065186973,-4.3992802560497,0.016505944811286,0
AF24,1,SC9-TS,400,171,16,0.093567251461988,290,1,0.0092352534185882,0.0086309828598164,0.012397869486878,-4.4000065186973,-4.4004751149203,0.010649898379184,0
AF24,1,SC16-TS,400,171,16,0.093567251461988,290,1,0.0031063648892503,0.0030811237764607,0.0053773762548744,-4.4000065186973,-4.4002873860721,0.0063833399694573,0
AF24,1,ANFIS-TS,400,171,16,0.093567251461988,290,1,0.0012104970676712,0.0012585348584078,0.0013550997581916,-4.4000065186973,-4.4002024360883,0.0044526613806422,46
AF24,2,Linear (clamped),400,171,20,0.11695906432749,290,2,0.00082760457597442,0.0011633310330662,0.0011730399480861,-4.4000065186973,-4.3971052393262,0.065938069836716,0
AF24,2,PCHIP (clamped),400,171,20,0.11695906432749,290,2,0.00097231024515039,0.0013737522704834,0.0013572416777024,-4.4000065186973,-4.3965703788818,0.078093971017909,0
AF24,2,Cubic spline (clamped),400,171,20,0.11695906432749,290,2,0.0011109660661682,0.0015703990997482,0.0015532929183468,-4.4000065186973,-4.3954668762334,0.10317353950886,0
AF24,2,FCM-TS,400,171,20,0.11695906432749,290,2,0.0029402469966715,0.0023830644639222,0.0038206579733615,-4.4000065186973,-4.3986595754027,0.030612302253106,0
AF24,2,SC9-TS,400,171,20,0.11695906432749,290,2,0.0086813300350973,0.0081991029094077,0.011223472081022,-4.4000065186973,-4.3994503275568,0.012640689012637,0
AF24,2,SC16-TS,400,171,20,0.11695906432749,290,2,0.0030482305803567,0.0030967260313155,0.0052116723029157,-4.4000065186973,-4.3996061444437,0.009099401373411,0
AF24,2,ANFIS-TS,400,171,20,0.11695906432749,290,2,0.0011246865895071,0.0010557321947382,0.0012316841333045,-4.4000065186973,-4.3988014894484,0.027386987809639,36
AF24,3,Linear (clamped),400,171,22,0.12865497076023,290,3,0.0008002422655723,0.0011265385646856,0.0011147546713058,-4.4000065186973,-4.3985131385104,0.033940408509891,0
AF24,3,PCHIP (clamped),400,171,22,0.12865497076023,290,3,0.0009643642905697,0.0013629011159596,0.0014424721837076,-4.4000065186973,-4.3986254134162,0.031388709886894,0
AF24,3,Cubic spline (clamped),400,171,22,0.12865497076023,290,3,0.0011294635719739,0.0015969113667457,0.0015823326023057,-4.4000065186973,-4.3979252162727,0.047302257754183,0
AF24,3,FCM-TS,400,171,22,0.12865497076023,290,3,0.0031437983088558,0.0025779148063886,0.004811787428109,-4.4000065186973,-4.3993227228061,0.015540792686769,0
AF24,3,SC9-TS,400,171,22,0.12865497076023,290,3,0.0094065714080923,0.0090532266472434,0.017738187847667,-4.4000065186973,-4.3926792943951,0.1665275783369,0
AF24,3,SC16-TS,400,171,22,0.12865497076023,290,3,0.0030891217301228,0.0032298390695921,0.0063884241382733,-4.4000065186973,-4.3948669854624,0.11680740046824,0
AF24,3,ANFIS-TS,400,171,22,0.12865497076023,290,3,0.0031586268767465,0.0032505449194971,0.0055115056600701,-4.4000065186973,-4.3990375051913,0.022023001600281,44
AF24,4,Linear (clamped),400,171,12,0.070175438596491,290,3,0.00080755387316369,0.0011353896195403,0.0011861972547102,-4.4000065186973,-4.3992479586268,0.017239976061342,0
AF24,4,PCHIP (clamped),400,171,12,0.070175438596491,290,3,0.00091795160187034,0.0012966449321489,0.0013222893854588,-4.4000065186973,-4.3990180428854,0.022465326079023,0
AF24,4,Cubic spline (clamped),400,171,12,0.070175438596491,290,3,0.0010561904564406,0.0014929508572651,0.0015823179022331,-4.4000065186973,-4.3987152743442,0.029346419092876,0
AF24,4,FCM-TS,400,171,12,0.070175438596491,290,3,0.0028317147627609,0.0024125095886778,0.0056485151697487,-4.4000065186973,-4.3983980253814,0.036556612112341,0
AF24,4,SC9-TS,400,171,12,0.070175438596491,290,3,0.0088550735063052,0.0085446006977264,0.019296033422097,-4.4000065186973,-4.3910697104531,0.20310897736858,0
AF24,4,SC16-TS,400,171,12,0.070175438596491,290,3,0.0032227851809471,0.0032628303814895,0.0067467622929401,-4.4000065186973,-4.4027636111816,0.062661099990228,0
AF24,4,ANFIS-TS,400,171,12,0.070175438596491,290,3,0.002764406487662,0.0028864571770868,0.0062245537303873,-4.4000065186973,-4.4016115901565,0.036478842754899,46
AF24,5,Linear (clamped),400,171,18,0.10526315789474,290,2,0.0007971982590603,0.0011235677879884,0.0010863368711658,-4.4000065186973,-4.397253152897,0.062576402754423,0
AF24,5,PCHIP (clamped),400,171,18,0.10526315789474,290,2,0.00091547704149871,0.001294145187139,0.0012256593359918,-4.4000065186973,-4.398062265809,0.044187500179907,0
AF24,5,Cubic spline (clamped),400,171,18,0.10526315789474,290,2,0.0010898190560542,0.0015409557869037,0.0014869842021026,-4.4000065186973,-4.3987419817483,0.028739433536213,0
AF24,5,FCM-TS,400,171,18,0.10526315789474,290,2,0.0028781311952378,0.002225797691763,0.0026505598220446,-4.4000065186973,-4.3947061925619,0.12046177915766,0
AF24,5,SC9-TS,400,171,18,0.10526315789474,290,2,0.007661823917679,0.0069920008437521,0.0076318651211638,-4.4000065186973,-4.3990342587522,0.022096784198712,0
AF24,5,SC16-TS,400,171,18,0.10526315789474,290,2,0.0029329874516294,0.0028347493064446,0.0041754664981851,-4.4000065186973,-4.3994227867996,0.013266614383803,0
AF24,5,ANFIS-TS,400,171,18,0.10526315789474,290,2,0.002672457143974,0.0026363484678598,0.0027644179545077,-4.4000065186973,-4.3962890744738,0.08448724354693,36
AF24,6,Linear (clamped),400,171,23,0.13450292397661,290,3,0.00086742370702869,0.0012230273717958,0.001264036945717,-4.4000065186973,-4.3972067396798,0.06363124703743,0
AF24,6,PCHIP (clamped),400,171,23,0.13450292397661,290,3,0.00097012945106024,0.0013714088903374,0.0014155037041449,-4.4000065186973,-4.3972058700844,0.063651010538276,0
AF24,6,Cubic spline (clamped),400,171,23,0.13450292397661,290,3,0.0010672997841157,0.0015091223209011,0.0015813425274818,-4.4000065186973,-4.3968506544796,0.071724080506765,0
AF24,6,FCM-TS,400,171,23,0.13450292397661,290,3,0.0030723227488627,0.0026009336438511,0.0046597816507121,-4.4000065186973,-4.4046175517287,0.10479605000135,0
AF24,6,SC9-TS,400,171,23,0.13450292397661,290,3,0.0094347668691847,0.0090262179074426,0.014250976695505,-4.4000065186973,-4.4044979829217,0.10207858114099,0
AF24,6,SC16-TS,400,171,23,0.13450292397661,290,3,0.0031398261603041,0.0032068978769215,0.0059821783643276,-4.4000065186973,-4.3948964529088,0.11613768676954,0
AF24,6,ANFIS-TS,400,171,23,0.13450292397661,290,3,0.0023420982116745,0.0026567505453904,0.0033889291862307,-4.4000065186973,-4.4085271650273,0.19365076605661,46
AF24,7,Linear (clamped),400,171,20,0.11695906432749,290,2,0.00077997681886295,0.0010985328270048,0.0013918074019099,-4.4000065186973,-4.400462763224,0.010369178424875,0
AF24,7,PCHIP (clamped),400,171,20,0.11695906432749,290,2,0.00086146678005819,0.0012174961843926,0.0015272840525935,-4.4000065186973,-4.4002690477763,0.0059665611368411,0
AF24,7,Cubic spline (clamped),400,171,20,0.11695906432749,290,2,0.00096250159967659,0.0013607974276052,0.0015951100516214,-4.4000065186973,-4.3998667244506,0.0031771372641485,0
AF24,7,FCM-TS,400,171,20,0.11695906432749,290,2,0.0029398588790134,0.002397700024728,0.0024631120925292,-4.4000065186973,-4.4026324029742,0.059679099694645,0
AF24,7,SC9-TS,400,171,20,0.11695906432749,290,2,0.0078728602981493,0.0072313123820099,0.0081172390350122,-4.4000065186973,-4.397787681795,0.050428036706696,0
AF24,7,SC16-TS,400,171,20,0.11695906432749,290,2,0.0029549826195376,0.0029299125238487,0.0033056067772042,-4.4000065186973,-4.3981741709337,0.04164420565853,0
AF24,7,ANFIS-TS,400,171,20,0.11695906432749,290,2,0.0017979891084073,0.0019970460115303,0.0031869438894628,-4.4000065186973,-4.4017332388565,0.039243581840886,46
AF24,8,Linear (clamped),400,171,25,0.14619883040936,290,2,0.00078149738197477,0.0010968404968157,0.0012661642645034,-4.4000065186973,-4.3990231631568,0.022348956446504,0
AF24,8,PCHIP (clamped),400,171,25,0.14619883040936,290,2,0.00088881991770483,0.0012558171401565,0.0013768477877969,-4.4000065186973,-4.3996121677103,0.0089625091543772,0
AF24,8,Cubic spline (clamped),400,171,25,0.14619883040936,290,2,0.0010387063108732,0.001468346211231,0.001653330994826,-4.4000065186973,-4.3997771984819,0.0052118153561761,0
AF24,8,FCM-TS,400,171,25,0.14619883040936,290,2,0.0034096646110448,0.0029503912862835,0.003646469219401,-4.4000065186973,-4.4034704666516,0.078725973236041,0
AF24,8,SC9-TS,400,171,25,0.14619883040936,290,2,0.0092541872102387,0.008709417011035,0.014421382714157,-4.4000065186973,-4.4008606673294,0.01941244015019,0
AF24,8,SC16-TS,400,171,25,0.14619883040936,290,2,0.0030312249079309,0.0030895260404573,0.0047554580711984,-4.4000065186973,-4.3998689635326,0.0031262491127968,0
AF24,8,ANFIS-TS,400,171,25,0.14619883040936,290,2,0.00112863111073,0.0010623574159111,0.0010101446034748,-4.4000065186973,-4.3993101437364,0.015826680209567,46
AF24,9,Linear (clamped),400,171,21,0.12280701754386,289,3,0.00082070497184808,0.0011550669025499,0.0012438521929523,-4.4000065186973,-4.3997854870817,0.0050234383678799,0
AF24,9,PCHIP (clamped),400,171,21,0.12280701754386,289,3,0.00095964523037908,0.0013559640523022,0.0014483764041389,-4.4000065186973,-4.3996993127574,0.0069819428367951,0
AF24,9,Cubic spline (clamped),400,171,21,0.12280701754386,289,3,0.0010767016542833,0.0015222141840013,0.0015827638314656,-4.4000065186973,-4.3995515189668,0.010340887646718,0
AF24,9,FCM-TS,400,171,21,0.12280701754386,289,3,0.0033010459960844,0.0028712072149109,0.0048694705026776,-4.4000065186973,-4.406713280159,0.15242617103305,0
AF24,9,SC9-TS,400,171,21,0.12280701754386,289,3,0.0098109527760542,0.0094353291816407,0.016544467703479,-4.4000065186973,-4.3996006200677,0.0092249551891611,0
AF24,9,SC16-TS,400,171,21,0.12280701754386,289,3,0.0032329167752157,0.003302299512273,0.0060354417095793,-4.4000065186973,-4.4019466666704,0.044094206789282,0
AF24,9,ANFIS-TS,400,171,21,0.12280701754386,289,3,0.0012600676201062,0.0010402110306277,0.001148857821875,-4.4000065186973,-4.3998272948282,0.0040732637177703,35
AF28,0,Linear (clamped),400,171,19,0.11111111111111,340,55,0.0011966957297055,0.0016837359552827,0.0015821224721954,-1.2561252756067,-1.2566857565317,0.044619827007278,0
AF28,0,PCHIP (clamped),400,171,19,0.11111111111111,340,55,0.0013723633477026,0.0019394039614013,0.0016971734652038,-1.2561252756067,-1.2569304753185,0.064101863679897,0
AF28,0,Cubic spline (clamped),400,171,19,0.11111111111111,340,55,0.0017020728735646,0.002406679083162,0.0020894027165565,-1.2561252756067,-1.2577551921517,0.12975748332088,0
AF28,0,FCM-TS,400,171,19,0.11111111111111,340,55,0.0026294579584299,0.0029454514040891,0.0026881035216323,-1.2561252756067,-1.2555189488799,0.048269606433601,0
AF28,0,SC9-TS,400,171,19,0.11111111111111,340,55,0.010411125237818,0.010680973260716,0.01426168218761,-1.2561252756067,-1.260780228077,0.3705802725787,0
AF28,0,SC16-TS,400,171,19,0.11111111111111,340,55,0.0033418741868476,0.0032701229378012,0.0051883842851867,-1.2561252756067,-1.2565009690912,0.029908918460805,0
AF28,0,ANFIS-TS,400,171,19,0.11111111111111,340,55,0.0051338720734397,0.004701037577101,0.00804762961622,-1.2561252756067,-1.2542087607845,0.15257354178351,22
AF28,1,Linear (clamped),400,171,34,0.19883040935673,340,56,0.0011682148674967,0.0016414900611791,0.0019007158565354,-1.2561252756067,-1.2563343264775,0.016642517657507,0
AF28,1,PCHIP (clamped),400,171,34,0.19883040935673,340,56,0.001302708481046,0.001840819409278,0.001989567321852,-1.2561252756067,-1.2558695613374,0.020357385869321,0
AF28,1,Cubic spline (clamped),400,171,34,0.19883040935673,340,56,0.0014909169169725,0.0021081811547264,0.0022427098195406,-1.2561252756067,-1.2555311653537,0.047297054246103,0
AF28,1,FCM-TS,400,171,34,0.19883040935673,340,56,0.0026287366687271,0.0029445958240265,0.0028553148087908,-1.2561252756067,-1.2589593228038,0.22561819685575,0
AF28,1,SC9-TS,400,171,34,0.19883040935673,340,56,0.012241621370363,0.012600808439563,0.016201156654423,-1.2561252756067,-1.258814260519,0.21406980374626,0
AF28,1,SC16-TS,400,171,34,0.19883040935673,340,56,0.0036090757956332,0.0034693123607303,0.004328536263787,-1.2561252756067,-1.2583916723656,0.18042760566335,0
AF28,1,ANFIS-TS,400,171,34,0.19883040935673,340,56,0.0034325236921373,0.0034280056148268,0.0042820182750975,-1.2561252756067,-1.2599709793643,0.30615606836686,46
AF28,2,Linear (clamped),400,171,26,0.15204678362573,340,55,0.001205226440973,0.0016963478333142,0.0014705415111173,-1.2561252756067,-1.2569767799225,0.067788168288765,0
AF28,2,PCHIP (clamped),400,171,26,0.15204678362573,340,55,0.0013535206550641,0.0019131033387595,0.001593754283967,-1.2561252756067,-1.2577587301057,0.13003913946396,0
AF28,2,Cubic spline (clamped),400,171,26,0.15204678362573,340,55,0.0015020425384267,0.0021238742403895,0.0019826823761016,-1.2561252756067,-1.2583424156,0.17650627977498,0
AF28,2,FCM-TS,400,171,26,0.15204678362573,340,55,0.0023845906300133,0.0026672462150078,0.0023881739965837,-1.2561252756067,-1.2592360821801,0.24765098145756,0
AF28,2,SC9-TS,400,171,26,0.15204678362573,340,55,0.011303297329674,0.011607958784017,0.015685002362535,-1.2561252756067,-1.2597651957831,0.28977365928791,0
AF28,2,SC16-TS,400,171,26,0.15204678362573,340,55,0.0033364595570503,0.0033975493295927,0.0046975706627509,-1.2561252756067,-1.2586049552691,0.19740703499257,0
AF28,2,ANFIS-TS,400,171,26,0.15204678362573,340,55,0.0019139337788127,0.0021552099211757,0.0021549016119342,-1.2561252756067,-1.2587943222793,0.21248252260099,46
AF28,3,Linear (clamped),400,171,23,0.13450292397661,341,53,0.001267500494711,0.0017563825733084,0.0018017235308118,-1.2561252756067,-1.2554395819301,0.054588000887422,0
AF28,3,PCHIP (clamped),400,171,23,0.13450292397661,341,53,0.0014181992067057,0.0019827067142787,0.0018805802932703,-1.2561252756067,-1.2560002774328,0.0099510913683416,0
AF28,3,Cubic spline (clamped),400,171,23,0.13450292397661,341,53,0.0016951579081199,0.0023793030001046,0.0029125199248404,-1.2561252756067,-1.2561126689184,0.0010036171203505,0
AF28,3,FCM-TS,400,171,23,0.13450292397661,341,53,0.0025693707451896,0.0028324298936418,0.002724898823736,-1.2561252756067,-1.2546374215518,0.11844790355185,0
AF28,3,SC9-TS,400,171,23,0.13450292397661,341,53,0.011715714528043,0.012096184733482,0.016248658736287,-1.2561252756067,-1.2572337690745,0.088247047436091,0
AF28,3,SC16-TS,400,171,23,0.13450292397661,341,53,0.0034000126245047,0.0031660393536443,0.0043592181209659,-1.2561252756067,-1.2557808031303,0.027423417318325,0
AF28,3,ANFIS-TS,400,171,23,0.13450292397661,341,53,0.0018255211933582,0.0019922214407169,0.0022774454290334,-1.2561252756067,-1.2567042358582,0.046090964228249,46
AF28,4,Linear (clamped),400,171,28,0.16374269005848,341,56,0.0012470005540664,0.0017344646882297,0.0015921667551118,-1.2561252756067,-1.2518545652537,0.33999079836257,0
AF28,4,PCHIP (clamped),400,171,28,0.16374269005848,341,56,0.001468995765687,0.0020737176701992,0.0017535384899507,-1.2561252756067,-1.2510122680838,0.40704598675274,0
AF28,4,Cubic spline (clamped),400,171,28,0.16374269005848,341,56,0.0017577017684705,0.0024851556046873,0.0023842222120188,-1.2561252756067,-1.250017961533,0.48620262583223,0
AF28,4,FCM-TS,400,171,28,0.16374269005848,341,56,0.0026152094327301,0.0029203686113488,0.0024254687648263,-1.2561252756067,-1.252797103742,0.26495540925446,0
AF28,4,SC9-TS,400,171,28,0.16374269005848,341,56,0.011729265895112,0.012091454470965,0.016737571797455,-1.2561252756067,-1.2533030648742,0.22467589716366,0
AF28,4,SC16-TS,400,171,28,0.16374269005848,341,56,0.0038658633310513,0.003739599262212,0.0063501098726633,-1.2561252756067,-1.2540378083597,0.16618304619203,0
AF28,4,ANFIS-TS,400,171,28,0.16374269005848,341,56,0.0021966340088434,0.0021773560969766,0.0028996654198517,-1.2561252756067,-1.2525530403676,0.28438526860672,46
AF28,5,Linear (clamped),400,171,27,0.15789473684211,341,54,0.0012041307075547,0.0016945208125787,0.0018327529822447,-1.2561252756067,-1.2551976924456,0.073844797099784,0
AF28,5,PCHIP (clamped),400,171,27,0.15789473684211,341,54,0.0012864055078892,0.0018182958976585,0.0019773069608361,-1.2561252756067,-1.2550917089338,0.082282133238899,0
AF28,5,Cubic spline (clamped),400,171,27,0.15789473684211,341,54,0.0013545844508011,0.0019153432269597,0.0021256898997859,-1.2561252756067,-1.2552508285335,0.06961463877697,0
AF28,5,FCM-TS,400,171,27,0.15789473684211,341,54,0.0024608721527958,0.0028403118266212,0.0026019171701236,-1.2561252756067,-1.2574376707941,0.10447964171351,0
AF28,5,SC9-TS,400,171,27,0.15789473684211,341,54,0.010005385407016,0.010294158326868,0.015740800104052,-1.2561252756067,-1.2546035668585,0.12114307209269,0
AF28,5,SC16-TS,400,171,27,0.15789473684211,341,54,0.0032201309494765,0.0030203448603309,0.0048770736845217,-1.2561252756067,-1.2549680542266,0.092126271369604,0
AF28,5,ANFIS-TS,400,171,27,0.15789473684211,341,54,0.0021675201858249,0.0022912089150059,0.0038754329421902,-1.2561252756067,-1.2558851264815,0.019118246394491,46
AF28,6,Linear (clamped),400,171,26,0.15204678362573,341,55,0.0011877985767637,0.0016399101684228,0.001448168366895,-1.2561252756067,-1.2572930131018,0.092963458162353,0
AF28,6,PCHIP (clamped),400,171,26,0.15204678362573,341,55,0.0013197479226136,0.0018417881876866,0.0016094469765986,-1.2561252756067,-1.258393894247,0.18060448940196,0
AF28,6,Cubic spline (clamped),400,171,26,0.15204678362573,341,55,0.0015332258136921,0.0021485464247446,0.0023909931311117,-1.2561252756067,-1.2588510975815,0.21700239838341,0
AF28,6,FCM-TS,400,171,26,0.15204678362573,341,55,0.0026899358158114,0.0029600961661786,0.0030475011914504,-1.2561252756067,-1.2548742225442,0.099596201654489,0
AF28,6,SC9-TS,400,171,26,0.15204678362573,341,55,0.01226963902137,0.012581781473254,0.016191954412401,-1.2561252756067,-1.2591568297888,0.24134170698734,0
AF28,6,SC16-TS,400,171,26,0.15204678362573,341,55,0.0035361312040434,0.0034063734457453,0.003965882241344,-1.2561252756067,-1.25616906451,0.0034860299453656,0
AF28,6,ANFIS-TS,400,171,26,0.15204678362573,341,55,0.0059065178677193,0.0056629898812809,0.0094178398347355,-1.2561252756067,-1.2518118074874,0.34339473960608,19
AF28,7,Linear (clamped),400,171,29,0.16959064327485,341,55,0.0012845490261862,0.0018060290905141,0.00168364791415,-1.2561252756067,-1.2563775710368,0.020085212437201,0
AF28,7,PCHIP (clamped),400,171,29,0.16959064327485,341,55,0.001451434771639,0.0020515097894981,0.0017991745986341,-1.2561252756067,-1.2558169372379,0.024546784846901,0
AF28,7,Cubic spline (clamped),400,171,29,0.16959064327485,341,55,0.0016546450433944,0.0023397773967054,0.0022393857811263,-1.2561252756067,-1.2553825042757,0.059131946905187,0
AF28,7,FCM-TS,400,171,29,0.16959064327485,341,55,0.0025319014299173,0.0028098466889313,0.0028491120503283,-1.2561252756067,-1.254731602452,0.11095017207224,0
AF28,7,SC9-TS,400,171,29,0.16959064327485,341,55,0.0098722898426705,0.010160264130097,0.016023554867599,-1.2561252756067,-1.2553919492854,0.058380030682536,0
AF28,7,SC16-TS,400,171,29,0.16959064327485,341,55,0.0034097162620334,0.0033682388953334,0.0058233199652877,-1.2561252756067,-1.2565162453939,0.031125063300382,0
AF28,7,ANFIS-TS,400,171,29,0.16959064327485,341,55,0.0049195640060617,0.0043999059723654,0.006383892140276,-1.2561252756067,-1.260626818462,0.35836734939519,18
AF28,8,Linear (clamped),400,171,26,0.15204678362573,341,55,0.0011771874919661,0.0016416966131258,0.0017145928722499,-1.2561252756067,-1.2550530043742,0.085363399122633,0
AF28,8,PCHIP (clamped),400,171,26,0.15204678362573,341,55,0.0013228569730963,0.0018673164157689,0.0018260930785021,-1.2561252756067,-1.2543558839728,0.14086108036045,0
AF28,8,Cubic spline (clamped),400,171,26,0.15204678362573,341,55,0.0015916935108589,0.0022500703485031,0.0025496966897374,-1.2561252756067,-1.2537397036192,0.1899151329777,0
AF28,8,FCM-TS,400,171,26,0.15204678362573,341,55,0.0026720132665693,0.0029712970008769,0.003383622958911,-1.2561252756067,-1.2560761719866,0.0039091339915259,0
AF28,8,SC9-TS,400,171,26,0.15204678362573,341,55,0.011415604837141,0.0118134005598,0.017983110778615,-1.2561252756067,-1.2563252302616,0.015918368876573,0
AF28,8,SC16-TS,400,171,26,0.15204678362573,341,55,0.0032974556640574,0.0032539127799852,0.0045174503570009,-1.2561252756067,-1.2556795968731,0.035480436722727,0
AF28,8,ANFIS-TS,400,171,26,0.15204678362573,341,55,0.0022394209446171,0.0023257942713606,0.0013238340446566,-1.2561252756067,-1.2560883358367,0.002940771174073,46
AF28,9,Linear (clamped),400,171,30,0.17543859649123,341,55,0.0012565884839732,0.0017134566948706,0.0018369501455869,-1.2561252756067,-1.2558913506809,0.018622738540451,0
AF28,9,PCHIP (clamped),400,171,30,0.17543859649123,341,55,0.0013884811411235,0.0019196578899753,0.0019100734698839,-1.2561252756067,-1.2567415215296,0.049059272581576,0
AF28,9,Cubic spline (clamped),400,171,30,0.17543859649123,341,55,0.0015580400258722,0.0021661987690894,0.0022047651598671,-1.2561252756067,-1.2574439633835,0.10498059408701,0
AF28,9,FCM-TS,400,171,30,0.17543859649123,341,55,0.0027625884113061,0.0030621717460465,0.0033005104018983,-1.2561252756067,-1.2504465494938,0.45208278371611,0
AF28,9,SC9-TS,400,171,30,0.17543859649123,341,55,0.012304561791702,0.012644400035,0.016126346152851,-1.2561252756067,-1.2558742472309,0.019984342382057,0
AF28,9,SC16-TS,400,171,30,0.17543859649123,341,55,0.0034621407541115,0.0033130615677609,0.0041622371427353,-1.2561252756067,-1.255440087936,0.054547717812926,0
AF28,9,ANFIS-TS,400,171,30,0.17543859649123,341,55,0.0054261359298155,0.0054555010046199,0.0084120521569998,-1.2561252756067,-1.254851898499,0.10137341652773,16
AF29,0,Linear (clamped),400,171,22,0.12865497076023,339,38,0.00011447872660642,0.00014073692261922,0.00016655009615729,-29.568782569306,-29.568364506257,0.0014138662900114,0
AF29,0,PCHIP (clamped),400,171,22,0.12865497076023,339,38,0.00011291830747648,0.00015230038772746,0.00014550387412309,-29.568782569306,-29.569299715781,0.0017489609983127,0
AF29,0,Cubic spline (clamped),400,171,22,0.12865497076023,339,38,0.00012360684705337,0.00016900304146974,0.00016121956631586,-29.568782569306,-29.569032797343,0.00084625749094086,0
AF29,0,FCM-TS,400,171,22,0.12865497076023,339,38,0.005219876762419,0.0022739423115392,0.0035801632854597,-29.568782569306,-29.668763920826,0.33813144415485,0
AF29,0,SC9-TS,400,171,22,0.12865497076023,339,38,0.0091147732739898,0.0097795305297152,0.012333127672703,-29.568782569306,-29.553601206162,0.051342537043758,0
AF29,0,SC16-TS,400,171,22,0.12865497076023,339,38,0.0036055641461768,0.0031808690373839,0.0057315328260283,-29.568782569306,-29.580317553035,0.039010681966265,0
AF29,0,ANFIS-TS,400,171,22,0.12865497076023,339,38,0.0031797941209345,0.0026790876381451,0.0032227364272258,-29.568782569306,-29.538957070186,0.10086820128706,33
AF29,1,Linear (clamped),400,171,32,0.18713450292398,339,39,0.00012150297094396,0.00013690069967749,0.00013511411657553,-29.568782569306,-29.567139669507,0.005556196961703,0
AF29,1,PCHIP (clamped),400,171,32,0.18713450292398,339,39,0.00010916062463703,0.0001430919692113,0.00013642725900892,-29.568782569306,-29.567159594601,0.0054888113868254,0
AF29,1,Cubic spline (clamped),400,171,32,0.18713450292398,339,39,0.00011448118239605,0.00015675500068955,0.00015258146938644,-29.568782569306,-29.566476659682,0.0077984598060792,0
AF29,1,FCM-TS,400,171,32,0.18713450292398,339,39,0.0055371805999126,0.0021872432493979,0.00298612880104,-29.568782569306,-29.691714798482,0.41575005290818,0
AF29,1,SC9-TS,400,171,32,0.18713450292398,339,39,0.010426811946875,0.011183622537523,0.014949635468799,-29.568782569306,-29.501671470099,0.22696605465371,0
AF29,1,SC16-TS,400,171,32,0.18713450292398,339,39,0.0036376971662362,0.0032341517631066,0.0045938637904103,-29.568782569306,-29.539115249089,0.10033324891482,0
AF29,1,ANFIS-TS,400,171,32,0.18713450292398,339,39,0.0020437041029682,0.0017222306347839,0.0016045787744246,-29.568782569306,-29.59254568016,0.080365536857965,46
AF29,2,Linear (clamped),400,171,26,0.15204678362573,340,38,0.00014972779372657,0.00013053149685187,0.00010926002020609,-29.568782569306,-29.564375139881,0.014905684447634,0
AF29,2,PCHIP (clamped),400,171,26,0.15204678362573,340,38,0.00010452319902815,0.00014035246949914,0.00011418107077524,-29.568782569306,-29.567877470428,0.003060994734743,0
AF29,2,Cubic spline (clamped),400,171,26,0.15204678362573,340,38,0.00011928724678624,0.0001644041024911,0.00013372309620916,-29.568782569306,-29.568447829283,0.0011320723864294,0
AF29,2,FCM-TS,400,171,26,0.15204678362573,340,38,0.0058368131182822,0.0021207112811149,0.0030717843976731,-29.568782569306,-29.651024041062,0.2781361443039,0
AF29,2,SC9-TS,400,171,26,0.15204678362573,340,38,0.0097479672139492,0.010415236545471,0.013296606380174,-29.568782569306,-29.594503223104,0.086985839668773,0
AF29,2,SC16-TS,400,171,26,0.15204678362573,340,38,0.003522607660787,0.0030769116030111,0.0049799201878582,-29.568782569306,-29.598749063688,0.10134503952464,0
AF29,2,ANFIS-TS,400,171,26,0.15204678362573,340,38,0.0029899000485601,0.0019128030916334,0.0028769385041884,-29.568782569306,-29.557782316669,0.037202250754125,46
AF29,3,Linear (clamped),400,171,24,0.14035087719298,339,38,0.00027764132801377,0.00024566986491536,0.00015113795764863,-29.568782569306,-29.564557981745,0.014287323296244,0
AF29,3,PCHIP (clamped),400,171,24,0.14035087719298,339,38,0.0002719241855286,0.00025190495470164,0.00017569316976275,-29.568782569306,-29.566382125242,0.0081181700941256,0
AF29,3,Cubic spline (clamped),400,171,24,0.14035087719298,339,38,0.00027872061877312,0.0002675283550443,0.00019657585150133,-29.568782569306,-29.566739641258,0.0069090705468387,0
AF29,3,FCM-TS,400,171,24,0.14035087719298,339,38,0.005727894983988,0.0023384019361985,0.0025673055896924,-29.568782569306,-29.509382610471,0.20088740108258,0
AF29,3,SC9-TS,400,171,24,0.14035087719298,339,38,0.010300220313854,0.011072212633136,0.013138962655964,-29.568782569306,-29.574771157642,0.02025307711493,0
AF29,3,SC16-TS,400,171,24,0.14035087719298,339,38,0.0037953140759817,0.0032418308667521,0.0046866341293807,-29.568782569306,-29.553631671462,0.05123950507133,0
AF29,3,ANFIS-TS,400,171,24,0.14035087719298,339,38,0.003060196531793,0.0022453828705205,0.0023614938129481,-29.568782569306,-29.615564549871,0.15821409101182,37
AF29,4,Linear (clamped),400,171,25,0.14619883040936,340,38,0.00014352261851013,0.00013913807686319,0.00013954195487789,-29.568782569306,-29.569938813847,0.0039103555870722,0
AF29,4,PCHIP (clamped),400,171,25,0.14619883040936,340,38,0.00011372825008469,0.00015178882526046,0.00013864837083688,-29.568782569306,-29.570883547252,0.0071053921190081,0
AF29,4,Cubic spline (clamped),400,171,25,0.14619883040936,340,38,0.0001280054950696,0.00017732416807703,0.00015669520588481,-29.568782569306,-29.570875142862,0.0070769689321376,0
AF29,4,FCM-TS,400,171,25,0.14619883040936,340,38,0.0062730256398063,0.0022042738099122,0.002185466817723,-29.568782569306,-29.626043116459,0.19365202818004,0
AF29,4,SC9-TS,400,171,25,0.14619883040936,340,38,0.010077370892315,0.010876514248676,0.014240605510662,-29.568782569306,-29.569252375212,0.0015888577937037,0
AF29,4,SC16-TS,400,171,25,0.14619883040936,340,38,0.0039486104170214,0.0035034185208066,0.0067297543769869,-29.568782569306,-29.59710316647,0.095778705455396,0
AF29,4,ANFIS-TS,400,171,25,0.14619883040936,340,38,0.0037330906169063,0.003581292226654,0.0032240783605095,-29.568782569306,-29.564963437652,0.012916093671074,46
AF29,5,Linear (clamped),400,171,23,0.13450292397661,340,38,0.00013113833651467,0.00012862090936051,0.00014315018228561,-29.568782569306,-29.568350035041,0.0014628071475009,0
AF29,5,PCHIP (clamped),400,171,23,0.13450292397661,340,38,0.00010517491611654,0.00013822391294859,0.00014784612409316,-29.568782569306,-29.570937104859,0.0072865210053535,0
AF29,5,Cubic spline (clamped),400,171,23,0.13450292397661,340,38,0.00011606556774096,0.00015895276621871,0.00016252836571159,-29.568782569306,-29.571582075644,0.009467776806607,0
AF29,5,FCM-TS,400,171,23,0.13450292397661,340,38,0.0058351782919517,0.0019383555836597,0.002095552880797,-29.568782569306,-29.752000903509,0.61963435178101,0
AF29,5,SC9-TS,400,171,23,0.13450292397661,340,38,0.0083515488810499,0.0089473615458214,0.013544132482812,-29.568782569306,-29.630190719786,0.20767899502282,0
AF29,5,SC16-TS,400,171,23,0.13450292397661,340,38,0.0032021237745369,0.002855698520858,0.0049793615203072,-29.568782569306,-29.603314102023,0.11678374866031,0
AF29,5,ANFIS-TS,400,171,23,0.13450292397661,340,38,0.0034595769162463,0.0031356896868781,0.0035700052882341,-29.568782569306,-29.586888708892,0.061233970467872,42
AF29,6,Linear (clamped),400,171,23,0.13450292397661,339,40,0.00027751992272037,0.00024451746133462,0.00013757015495233,-29.568782569306,-29.565939319509,0.0096157147826128,0
AF29,6,PCHIP (clamped),400,171,23,0.13450292397661,339,40,0.00027598027472267,0.00025321174208026,0.00013482485936018,-29.568782569306,-29.568651016464,0.00044490449208952,0
AF29,6,Cubic spline (clamped),400,171,23,0.13450292397661,339,40,0.00027775975837938,0.00026557554107565,0.00013908779827152,-29.568782569306,-29.569677617654,0.0030270043945562,0
AF29,6,FCM-TS,400,171,23,0.13450292397661,339,40,0.0055945911283249,0.0023074029335233,0.0032212305051615,-29.568782569306,-29.485031282465,0.28324225606579,0
AF29,6,SC9-TS,400,171,23,0.13450292397661,339,40,0.010661369309465,0.011360322302062,0.014698961604895,-29.568782569306,-29.554237719085,0.049189885267976,0
AF29,6,SC16-TS,400,171,23,0.13450292397661,339,40,0.003743386479591,0.0032139361155375,0.0042850172381167,-29.568782569306,-29.54957302557,0.064965622748539,0
AF29,6,ANFIS-TS,400,171,23,0.13450292397661,339,40,0.0041913078231228,0.0042319106083089,0.005128170693484,-29.568782569306,-29.472354584751,0.32611415207666,46
AF29,7,Linear (clamped),400,171,27,0.15789473684211,339,38,0.00012401458427047,0.00013306055085488,0.00011437011269996,-29.568782569306,-29.564363396038,0.014945401481887,0
AF29,7,PCHIP (clamped),400,171,27,0.15789473684211,339,38,0.00011324096880651,0.00015217560096333,0.00012707577892854,-29.568782569306,-29.566242669817,0.0085898006883958,0
AF29,7,Cubic spline (clamped),400,171,27,0.15789473684211,339,38,0.00013002551242858,0.00017998265934967,0.00013864622975096,-29.568782569306,-29.567020807455,0.0059581818973253,0
AF29,7,FCM-TS,400,171,27,0.15789473684211,339,38,0.0058262322281492,0.0019608055140002,0.0025336849808611,-29.568782569306,-29.433772324247,0.45659723981604,0
AF29,7,SC9-TS,400,171,27,0.15789473684211,339,38,0.0082387471599461,0.0090541066653504,0.014325213460637,-29.568782569306,-29.570256507225,0.0049847771562956,0
AF29,7,SC16-TS,400,171,27,0.15789473684211,339,38,0.003312230980431,0.0030047392299526,0.005685008743797,-29.568782569306,-29.553346098051,0.052205298675907,0
AF29,7,ANFIS-TS,400,171,27,0.15789473684211,339,38,0.0028479937359893,0.0020235320817169,0.0020603688047814,-29.568782569306,-29.515678730642,0.17959426817688,45
AF29,8,Linear (clamped),400,171,22,0.12865497076023,339,36,0.00015689851970199,0.00013466263644337,0.00018392801070475,-29.568782569306,-29.569724673474,0.0031861445961623,0
AF29,8,PCHIP (clamped),400,171,22,0.12865497076023,339,36,0.00012593923337257,0.00014699914598235,0.00016809152445653,-29.568782569306,-29.56968277055,0.0030444312064775,0
AF29,8,Cubic spline (clamped),400,171,22,0.12865497076023,339,36,0.0001248446642287,0.0001707597916594,0.00015649317518483,-29.568782569306,-29.569779712066,0.0033722820931016,0
AF29,8,FCM-TS,400,171,22,0.12865497076023,339,36,0.0055143568922329,0.0022227497143961,0.0031337150308535,-29.568782569306,-29.589859007651,0.071279357868801,0
AF29,8,SC9-TS,400,171,22,0.12865497076023,339,36,0.0097988468453873,0.01063823516012,0.015138720461828,-29.568782569306,-29.556936120841,0.040064038610642,0
AF29,8,SC16-TS,400,171,22,0.12865497076023,339,36,0.0034067728315017,0.0029720939655075,0.0045559834447606,-29.568782569306,-29.568176211309,0.0020506694693579,0
AF29,8,ANFIS-TS,400,171,22,0.12865497076023,339,36,0.0031820556628527,0.0025082401734809,0.003368544543257,-29.568782569306,-29.508389455928,0.20424619524359,39
AF29,9,Linear (clamped),400,171,29,0.16959064327485,339,38,0.00040276718234655,0.00033429678457352,0.00015454585076615,-29.568782569306,-29.565474507428,0.011187683732874,0
AF29,9,PCHIP (clamped),400,171,29,0.16959064327485,339,38,0.00039600606155972,0.00033695088801861,0.00016714192671625,-29.568782569306,-29.569228800808,0.0015091304523484,0
AF29,9,Cubic spline (clamped),400,171,29,0.16959064327485,339,38,0.0003996976663494,0.00034659509880537,0.00018750025694337,-29.568782569306,-29.569973304247,0.0040270002270577,0
AF29,9,FCM-TS,400,171,29,0.16959064327485,339,38,0.005742019887313,0.0023642131336333,0.0030019478037053,-29.568782569306,-29.34325725412,0.76271423978009,0
AF29,9,SC9-TS,400,171,29,0.16959064327485,339,38,0.010664860985645,0.011495480759041,0.014034060235403,-29.568782569306,-29.47119263602,0.33004379892031,0
AF29,9,SC16-TS,400,171,29,0.16959064327485,339,38,0.0037744677032745,0.0032737126946975,0.0047820056055576,-29.568782569306,-29.58291415096,0.047792233654744,0
AF29,9,ANFIS-TS,400,171,29,0.16959064327485,339,38,0.0039419438491774,0.0036878251169201,0.0052126544515663,-29.568782569306,-29.478356592008,0.30581569290481,46
AF36,0,Linear (clamped),400,171,26,0.15204678362573,316,19,0.00020362925902743,0.00027218900353868,0.00029699870427857,-26.764212470429,-26.762683792594,0.0057116488569159,0
AF36,0,PCHIP (clamped),400,171,26,0.15204678362573,316,19,0.0002226663239695,0.00030988809648668,0.00030504127228563,-26.764212470429,-26.764021364409,0.00071403565798974,0
AF36,0,Cubic spline (clamped),400,171,26,0.15204678362573,316,19,0.00024778217289903,0.00034871698650907,0.00033180551576984,-26.764212470429,-26.76438533403,0.00064587590797262,0
AF36,0,FCM-TS,400,171,26,0.15204678362573,316,19,0.0045046428441881,0.0017235638746674,0.0023778600900428,-26.764212470429,-26.78863797732,0.091261818062547,0
AF36,0,SC9-TS,400,171,26,0.15204678362573,316,19,0.0088634960817516,0.0099666601777414,0.016642916181515,-26.764212470429,-26.809230314049,0.1682016374248,0
AF36,0,SC16-TS,400,171,26,0.15204678362573,316,19,0.0030929663410739,0.0030557812889464,0.0053520251555978,-26.764212470429,-26.773795079084,0.035803813264947,0
AF36,0,ANFIS-TS,400,171,26,0.15204678362573,316,19,0.0047975240366071,0.0043544574464651,0.0064332502427898,-26.764212470429,-26.756402778983,0.029179604872944,15
AF36,1,Linear (clamped),400,171,28,0.16374269005848,316,21,0.00022464371157916,0.00029384557435151,0.00033474483134441,-26.764212470429,-26.762808697365,0.0052449630861052,0
AF36,1,PCHIP (clamped),400,171,28,0.16374269005848,316,21,0.00022871384760568,0.00031928998712818,0.00034223209876568,-26.764212470429,-26.763637816745,0.0021470973052583,0
AF36,1,Cubic spline (clamped),400,171,28,0.16374269005848,316,21,0.00025845478123807,0.00036366651881719,0.0004417310220089,-26.764212470429,-26.763833706004,0.0014151898775074,0
AF36,1,FCM-TS,400,171,28,0.16374269005848,316,21,0.0040219377498508,0.0015868026346471,0.0021548424677744,-26.764212470429,-26.755949924716,0.030871619042218,0
AF36,1,SC9-TS,400,171,28,0.16374269005848,316,21,0.0097135370056046,0.011522022595357,0.015200102721869,-26.764212470429,-26.805669829194,0.15489848173228,0
AF36,1,SC16-TS,400,171,28,0.16374269005848,316,21,0.0029664784297333,0.0030906808083894,0.0042786498795717,-26.764212470429,-26.760345216854,0.014449345669842,0
AF36,1,ANFIS-TS,400,171,28,0.16374269005848,316,21,0.002333525669069,0.0018984613144586,0.0031946490092662,-26.764212470429,-26.786160077706,0.082003560916539,40
AF36,2,Linear (clamped),400,171,22,0.12865497076023,317,22,0.00021232003305415,0.00027122842878135,0.00029400940979043,-26.764212470429,-26.760460795612,0.01401750498464,0
AF36,2,PCHIP (clamped),400,171,22,0.12865497076023,317,22,0.00022400176522929,0.00031019443007354,0.00032059254179315,-26.764212470429,-26.762413935063,0.0067199263522022,0
AF36,2,Cubic spline (clamped),400,171,22,0.12865497076023,317,22,0.00025526323399819,0.00035751857395876,0.00036696245492627,-26.764212470429,-26.762782887485,0.0053413973816679,0
AF36,2,FCM-TS,400,171,22,0.12865497076023,317,22,0.0040720160504148,0.0016344880865659,0.0017851405293466,-26.764212470429,-26.739723969697,0.091497184007626,0
AF36,2,SC9-TS,400,171,22,0.12865497076023,317,22,0.0093036668161956,0.010859920216307,0.01148514636437,-26.764212470429,-26.781767234219,0.065590436516195,0
AF36,2,SC16-TS,400,171,22,0.12865497076023,317,22,0.0030250938136085,0.0029445995087162,0.0038683203876359,-26.764212470429,-26.761969350551,0.0083810419642045,0
AF36,2,ANFIS-TS,400,171,22,0.12865497076023,317,22,0.002177891683539,0.0010689480735835,0.00085603503833729,-26.764212470429,-26.768023293625,0.014238502999498,46
AF36,3,Linear (clamped),400,171,28,0.16374269005848,316,21,0.00026612513834962,0.00029975741728155,0.00030750331329768,-26.764212470429,-26.762451229901,0.0065805804318036,0
AF36,3,PCHIP (clamped),400,171,28,0.16374269005848,316,21,0.0002752397397338,0.00033209686058125,0.00035136021236866,-26.764212470429,-26.764078786693,0.00049948690342724,0
AF36,3,Cubic spline (clamped),400,171,28,0.16374269005848,316,21,0.00030858415122067,0.0003889241235247,0.00045116997976702,-26.764212470429,-26.764512177437,0.0011198050662282,0
AF36,3,FCM-TS,400,171,28,0.16374269005848,316,21,0.0042269966278997,0.0017338986599149,0.0020027411786482,-26.764212470429,-26.774905067842,0.039951100466117,0
AF36,3,SC9-TS,400,171,28,0.16374269005848,316,21,0.0098562380077183,0.011508961557398,0.017414071234643,-26.764212470429,-26.771782810174,0.028285307301663,0
AF36,3,SC16-TS,400,171,28,0.16374269005848,316,21,0.0031046592418181,0.0030969556566234,0.0044611882125569,-26.764212470429,-26.756663524986,0.028205371077032,0
AF36,3,ANFIS-TS,400,171,28,0.16374269005848,316,21,0.0022276367549315,0.0019762620873383,0.0027912920584975,-26.764212470429,-26.777973494939,0.051415764708779,45
AF36,4,Linear (clamped),400,171,18,0.10526315789474,318,21,0.00021612918703665,0.00027111966729196,0.00035975502421503,-26.764212470429,-26.76497959825,0.0028662446975679,0
AF36,4,PCHIP (clamped),400,171,18,0.10526315789474,318,21,0.00022079946316595,0.00030493955625161,0.00039628268622401,-26.764212470429,-26.767457348046,0.012123942074493,0
AF36,4,Cubic spline (clamped),400,171,18,0.10526315789474,318,21,0.00024717009369636,0.00034558906603414,0.00039069208754409,-26.764212470429,-26.769044860191,0.018055415480583,0
AF36,4,FCM-TS,400,171,18,0.10526315789474,318,21,0.0040828405569837,0.0016173309720017,0.0030132785597451,-26.764212470429,-26.773783556627,0.035760761532664,0
AF36,4,SC9-TS,400,171,18,0.10526315789474,318,21,0.0096415274894671,0.011288811298326,0.019804117029234,-26.764212470429,-26.747861033319,0.061094407796793,0
AF36,4,SC16-TS,400,171,18,0.10526315789474,318,21,0.0031910664854789,0.0033547649355701,0.0051003222626665,-26.764212470429,-26.768646995503,0.016568860669802,0
AF36,4,ANFIS-TS,400,171,18,0.10526315789474,318,21,0.0026399537624723,0.0027900419915036,0.0046774414240321,-26.764212470429,-26.763411710096,0.0029919069503933,46
AF36,5,Linear (clamped),400,171,17,0.099415204678363,317,21,0.00021728611552666,0.00028301803945488,0.00037679959901693,-26.764212470429,-26.762468980339,0.0065142588905514,0
AF36,5,PCHIP (clamped),400,171,17,0.099415204678363,317,21,0.00023153067769986,0.00032330300329271,0.00039837870679379,-26.764212470429,-26.765535395451,0.0049428879060428,0
AF36,5,Cubic spline (clamped),400,171,17,0.099415204678363,317,21,0.00026348803279944,0.00037060202401264,0.00040773858162394,-26.764212470429,-26.766879437464,0.009964675917475,0
AF36,5,FCM-TS,400,171,17,0.099415204678363,317,21,0.003986858528611,0.0015779291131818,0.001082533457273,-26.764212470429,-26.780491076556,0.060822287018462,0
AF36,5,SC9-TS,400,171,17,0.099415204678363,317,21,0.0083321394612911,0.0094011039431005,0.010322548226817,-26.764212470429,-26.781198209003,0.063464369044174,0
AF36,5,SC16-TS,400,171,17,0.099415204678363,317,21,0.0028778767022729,0.0028251434448166,0.0030827210408637,-26.764212470429,-26.768497410188,0.016009960179444,0
AF36,5,ANFIS-TS,400,171,17,0.099415204678363,317,21,0.0028000801268339,0.0032977417686017,0.0035061976836089,-26.764212470429,-26.794241142486,0.11219710682678,46
AF36,6,Linear (clamped),400,171,27,0.15789473684211,316,21,0.00027627207859251,0.00032454597724656,0.00032731855169152,-26.764212470429,-26.762764566441,0.0054098508952214,0
AF36,6,PCHIP (clamped),400,171,27,0.15789473684211,316,21,0.00029467054534965,0.00036600938623323,0.00037308424850932,-26.764212470429,-26.763887665226,0.0012135802768792,0
AF36,6,Cubic spline (clamped),400,171,27,0.15789473684211,316,21,0.00032218167458656,0.00041111848277148,0.00041850919195791,-26.764212470429,-26.764285823653,0.00027407204160783,0
AF36,6,FCM-TS,400,171,27,0.15789473684211,316,21,0.0044376414562103,0.0017286039790259,0.0021782505651742,-26.764212470429,-26.786201241571,0.082157362806856,0
AF36,6,SC9-TS,400,171,27,0.15789473684211,316,21,0.0099420757395627,0.011797796714246,0.015795691050298,-26.764212470429,-26.8309470096,0.24934243532806,0
AF36,6,SC16-TS,400,171,27,0.15789473684211,316,21,0.0030813909028652,0.003082611290575,0.0039319472776619,-26.764212470429,-26.752288904709,0.044550407502729,0
AF36,6,ANFIS-TS,400,171,27,0.15789473684211,316,21,0.001723212211622,0.0013004034354237,0.0009568863167115,-26.764212470429,-26.760654783007,0.013292703555094,34
AF36,7,Linear (clamped),400,171,25,0.14619883040936,317,21,0.00021755036488846,0.00028258968773709,0.00028590103960463,-26.764212470429,-26.759126772321,0.019001859717848,0
AF36,7,PCHIP (clamped),400,171,25,0.14619883040936,317,21,0.00022607037766377,0.00031471178034554,0.00033396178530511,-26.764212470429,-26.760968763772,0.012119566981224,0
AF36,7,Cubic spline (clamped),400,171,25,0.14619883040936,317,21,0.00025259936283047,0.00035495827396618,0.00036074583066889,-26.764212470429,-26.761393252914,0.010533534353639,0
AF36,7,FCM-TS,400,171,25,0.14619883040936,317,21,0.0039913645606588,0.0015931706367956,0.0015039101600808,-26.764212470429,-26.741469541935,0.084975145520278,0
AF36,7,SC9-TS,400,171,25,0.14619883040936,317,21,0.0082949571074995,0.0095747640637231,0.012670419710309,-26.764212470429,-26.782138073934,0.066976017039022,0
AF36,7,SC16-TS,400,171,25,0.14619883040936,317,21,0.0028209524105559,0.0029355855100403,0.0034189764822968,-26.764212470429,-26.751515237459,0.047441085681372,0
AF36,7,ANFIS-TS,400,171,25,0.14619883040936,317,21,0.0017263033044342,0.001579750559038,0.0024867561546674,-26.764212470429,-26.754613145312,0.035866271529851,30
AF36,8,Linear (clamped),400,171,28,0.16374269005848,316,22,0.00022223417333526,0.00028955674788951,0.00031650922108077,-26.764212470429,-26.763546060755,0.0024899282008073,0
AF36,8,PCHIP (clamped),400,171,28,0.16374269005848,316,22,0.00022539657068486,0.00031115220999873,0.00031676124168846,-26.764212470429,-26.764586563454,0.0013977359707251,0
AF36,8,Cubic spline (clamped),400,171,28,0.16374269005848,316,22,0.00024516547218359,0.00034271541016755,0.00034323799390801,-26.764212470429,-26.765700282653,0.0055589613366714,0
AF36,8,FCM-TS,400,171,28,0.16374269005848,316,22,0.0043946893966431,0.0018628353944951,0.0022201375314738,-26.764212470429,-26.750532088493,0.051114457231659,0
AF36,8,SC9-TS,400,171,28,0.16374269005848,316,22,0.009626617197689,0.011066009222306,0.019544793607682,-26.764212470429,-26.802889653777,0.14451082164404,0
AF36,8,SC16-TS,400,171,28,0.16374269005848,316,22,0.0029298224504404,0.0029006894528295,0.0040288164924706,-26.764212470429,-26.776357772201,0.045378887142331,0
AF36,8,ANFIS-TS,400,171,28,0.16374269005848,316,22,0.0028507276811211,0.0030570710382827,0.0048722870988721,-26.764212470429,-26.762470821768,0.0065073786992107,41
AF36,9,Linear (clamped),400,171,30,0.17543859649123,317,20,0.00030434807411744,0.0003049021758943,0.00038681019519903,-26.764212470429,-26.762658204346,0.0058072550615025,0
AF36,9,PCHIP (clamped),400,171,30,0.17543859649123,317,20,0.0003177800545975,0.0003396792559579,0.00042215684252825,-26.764212470429,-26.76423791428,9.506669032436e-05,0
AF36,9,Cubic spline (clamped),400,171,30,0.17543859649123,317,20,0.00035109294843495,0.00040075743669933,0.00052096654071718,-26.764212470429,-26.765244349613,0.0038554438506113,0
AF36,9,FCM-TS,400,171,30,0.17543859649123,317,20,0.0042721391063039,0.0018799970460249,0.0027353107976081,-26.764212470429,-26.773531729251,0.034819850695441,0
AF36,9,SC9-TS,400,171,30,0.17543859649123,317,20,0.010155264234715,0.011961808930495,0.018438642943196,-26.764212470429,-26.795108872929,0.11543923638319,0
AF36,9,SC16-TS,400,171,30,0.17543859649123,317,20,0.0031280289630866,0.0031972288364383,0.0047627348253031,-26.764212470429,-26.781616099517,0.065025747001833,0
AF36,9,ANFIS-TS,400,171,30,0.17543859649123,317,20,0.0026874460249148,0.0030586384177809,0.0042171480919966,-26.764212470429,-26.781059740509,0.062947004692968,46
AF38,0,Linear (clamped),400,171,22,0.12865497076023,293,0,0.00072326568333679,0.0010187607558246,0.0010846738061948,-6.2254972030641,-6.2263808228653,0.01419356193446,0
AF38,0,PCHIP (clamped),400,171,22,0.12865497076023,293,0,0.00081932206343785,0.0011576979427389,0.0012453802894876,-6.2254972030641,-6.2267765799113,0.020550597092222,0
AF38,0,Cubic spline (clamped),400,171,22,0.12865497076023,293,0,0.00097519348672783,0.0013786551122408,0.0015962198039048,-6.2254972030641,-6.2267274682318,0.019761717459327,0
AF38,0,FCM-TS,400,171,22,0.12865497076023,293,0,0.0040856429686967,0.0029690530359227,0.0043973376667638,-6.2254972030641,-6.230574352026,0.08155411200539,0
AF38,0,SC9-TS,400,171,22,0.12865497076023,293,0,0.0082815831394182,0.0079768523563941,0.014157658963576,-6.2254972030641,-6.234056915686,0.13749444169175,0
AF38,0,SC16-TS,400,171,22,0.12865497076023,293,0,0.0030638665914812,0.003186403666161,0.0055653371984498,-6.2254972030641,-6.2295731658112,0.065472083822691,0
AF38,0,ANFIS-TS,400,171,22,0.12865497076023,293,0,0.0016146941069594,0.0012968672782726,0.0015057495560113,-6.2254972030641,-6.2307656396716,0.084626760493022,38
AF38,1,Linear (clamped),400,171,17,0.099415204678363,294,0,0.00077802360867726,0.0010923779334398,0.0010485439115952,-6.2254972030641,-6.2239162935611,0.025394108315738,0
AF38,1,PCHIP (clamped),400,171,17,0.099415204678363,294,0,0.00088391537712583,0.0012486465939508,0.0011659183328234,-6.2254972030641,-6.223524610208,0.031685707851367,0
AF38,1,Cubic spline (clamped),400,171,17,0.099415204678363,294,0,0.0010065484015632,0.0014229302714522,0.0011793402055512,-6.2254972030641,-6.2234012047301,0.033667966840632,0
AF38,1,FCM-TS,400,171,17,0.099415204678363,294,0,0.0038660286375494,0.0027102624807501,0.0038923150746047,-6.2254972030641,-6.2216478971321,0.061831301282176,0
AF38,1,SC9-TS,400,171,17,0.099415204678363,294,0,0.0092243205919986,0.0088875882949618,0.012200863918021,-6.2254972030641,-6.2263455477548,0.013626938750376,0
AF38,1,SC16-TS,400,171,17,0.099415204678363,294,0,0.0030376624258239,0.0030549848028239,0.0051011618236979,-6.2254972030641,-6.2258723784704,0.0060264328141368,0
AF38,1,ANFIS-TS,400,171,17,0.099415204678363,294,0,0.0026706559566534,0.0026260137307613,0.0040925533642333,-6.2254972030641,-6.2247703157167,0.011675972595635,29
AF38,2,Linear (clamped),400,171,21,0.12280701754386,293,0,0.00070924782540735,0.00098660608591052,0.0011034366256086,-6.2254972030641,-6.2268926858339,0.022415603514441,0
AF38,2,PCHIP (clamped),400,171,21,0.12280701754386,293,0,0.00084011953266468,0.0011835855627963,0.0011809874274071,-6.2254972030641,-6.2275460126534,0.032909975259677,0
AF38,2,Cubic spline (clamped),400,171,21,0.12280701754386,293,0,0.00097214988404535,0.0013732017996151,0.0014017142209919,-6.2254972030641,-6.2279843987406,0.039951759601067,0
AF38,2,FCM-TS,400,171,21,0.12280701754386,293,0,0.0040131364261291,0.0027193156770639,0.0044173419358701,-6.2254972030641,-6.2267465878144,0.020068834818239,0
AF38,2,SC9-TS,400,171,21,0.12280701754386,293,0,0.0087446657769304,0.0083246277198516,0.011508146722787,-6.2254972030641,-6.2249585297416,0.0086526955989225,0
AF38,2,SC16-TS,400,171,21,0.12280701754386,293,0,0.0029906566083095,0.0030180732910798,0.0052847119916166,-6.2254972030641,-6.2266484976954,0.018493215783189,0
AF38,2,ANFIS-TS,400,171,21,0.12280701754386,293,0,0.0029235694406015,0.0027761239696729,0.0042538382154212,-6.2254972030641,-6.2246849786872,0.013046739085518,25
AF38,3,Linear (clamped),400,171,21,0.12280701754386,293,1,0.00070690665917679,0.00098644284163459,0.0011551958998155,-6.2254972030641,-6.2242737169822,0.019652825179017,0
AF38,3,PCHIP (clamped),400,171,21,0.12280701754386,293,1,0.00079395213404251,0.0011201736805338,0.0012506145081514,-6.2254972030641,-6.2261070967749,0.0097967068482698,0
AF38,3,Cubic spline (clamped),400,171,21,0.12280701754386,293,1,0.00090630181869846,0.0012807628454704,0.0014258809374053,-6.2254972030641,-6.2265132115829,0.016320118468734,0
AF38,3,FCM-TS,400,171,21,0.12280701754386,293,1,0.0039954788406797,0.0027923714060525,0.0049502753838318,-6.2254972030641,-6.2247042783925,0.012736728421167,0
AF38,3,SC9-TS,400,171,21,0.12280701754386,293,1,0.0093346479743916,0.0090493924069867,0.018492921259162,-6.2254972030641,-6.2157715089115,0.15622357275884,0
AF38,3,SC16-TS,400,171,21,0.12280701754386,293,1,0.002967724909243,0.0030811645096446,0.0059984510142088,-6.2254972030641,-6.2203525869693,0.082637834809475,0
AF38,3,ANFIS-TS,400,171,21,0.12280701754386,293,1,0.001549174660792,0.0011080515950615,0.001139650129421,-6.2254972030641,-6.2229224623033,0.041357994016446,36
AF38,4,Linear (clamped),400,171,12,0.070175438596491,293,0,0.00079779620677317,0.0011146745955436,0.0010970111522646,-6.2254972030641,-6.2222863115113,0.051576467679512,0
AF38,4,PCHIP (clamped),400,171,12,0.070175438596491,293,0,0.00094574831346853,0.0013354694043031,0.001133347497804,-6.2254972030641,-6.2223185709163,0.051058285692673,0
AF38,4,Cubic spline (clamped),400,171,12,0.070175438596491,293,0,0.0010912796600761,0.0015426275392355,0.0012219089027698,-6.2254972030641,-6.2220514840332,0.055348495364208,0
AF38,4,FCM-TS,400,171,12,0.070175438596491,293,0,0.0038590708417736,0.0028279990488308,0.0060978323125312,-6.2254972030641,-6.2169346966802,0.13753931781861,0
AF38,4,SC9-TS,400,171,12,0.070175438596491,293,0,0.0089057989941296,0.0088246149956738,0.020112750444409,-6.2254972030641,-6.2074259181558,0.29027858047109,0
AF38,4,SC16-TS,400,171,12,0.070175438596491,293,0,0.0032147823666372,0.0033375958697284,0.0065722377194078,-6.2254972030641,-6.2208146884005,0.075215111513611,0
AF38,4,ANFIS-TS,400,171,12,0.070175438596491,293,0,0.0035893895082861,0.0033581478989188,0.00650090273094,-6.2254972030641,-6.216868366118,0.13860478391722,25
AF38,5,Linear (clamped),400,171,17,0.099415204678363,294,0,0.00072647454106355,0.0010190566256985,0.0010937175730239,-6.2254972030641,-6.2270516661918,0.02496930087646,0
AF38,5,PCHIP (clamped),400,171,17,0.099415204678363,294,0,0.00084625612482638,0.0011953614101463,0.0012476657396472,-6.2254972030641,-6.2277624663453,0.036386865294188,0
AF38,5,Cubic spline (clamped),400,171,17,0.099415204678363,294,0,0.0010332525282443,0.0014608373467974,0.0015532624481279,-6.2254972030641,-6.2283736087724,0.04620363023985,0
AF38,5,FCM-TS,400,171,17,0.099415204678363,294,0,0.0040435440416723,0.0024829073464069,0.0032182710429489,-6.2254972030641,-6.2155762117283,0.15936062634352,0
AF38,5,SC9-TS,400,171,17,0.099415204678363,294,0,0.0078340953227758,0.0071257010726153,0.0079463251291607,-6.2254972030641,-6.2187367593135,0.10859283250937,0
AF38,5,SC16-TS,400,171,17,0.099415204678363,294,0,0.0028827678589754,0.0027615108980541,0.0039565402921644,-6.2254972030641,-6.2291863337951,0.059258411187136,0
AF38,5,ANFIS-TS,400,171,17,0.099415204678363,294,0,0.0029934011418609,0.0024272053359986,0.0026450140033515,-6.2254972030641,-6.2337738742994,0.1329479552453,17
AF38,6,Linear (clamped),400,171,22,0.12865497076023,292,1,0.00074877770562699,0.0010525024926704,0.0010845648584499,-6.2254972030641,-6.2221724827861,0.053404895537562,0
AF38,6,PCHIP (clamped),400,171,22,0.12865497076023,292,1,0.00085901638614822,0.0012136975935982,0.0011840737699191,-6.2254972030641,-6.2230302846162,0.039626047003141,0
AF38,6,Cubic spline (clamped),400,171,22,0.12865497076023,292,1,0.00097786000132264,0.0013824063145356,0.0013645103172389,-6.2254972030641,-6.2240046717244,0.023974492173282,0
AF38,6,FCM-TS,400,171,22,0.12865497076023,292,1,0.0039589296030478,0.0028699936088202,0.0045102739480835,-6.2254972030641,-6.2321211897059,0.10640092551292,0
AF38,6,SC9-TS,400,171,22,0.12865497076023,292,1,0.009204575595494,0.0090824766103478,0.014500269712993,-6.2254972030641,-6.2300020886241,0.07236185983326,0
AF38,6,SC16-TS,400,171,22,0.12865497076023,292,1,0.0030590032519081,0.0030795635455901,0.005267385642597,-6.2254972030641,-6.21835401222,0.11474088913787,0
AF38,6,ANFIS-TS,400,171,22,0.12865497076023,292,1,0.0020199297503504,0.0016433923894387,0.0018046537086547,-6.2254972030641,-6.2279802339551,0.039884860759892,26
AF38,7,Linear (clamped),400,171,19,0.11111111111111,293,0,0.00073387762304028,0.001030999632263,0.0011453250635669,-6.2254972030641,-6.2257151864048,0.0035014607442357,0
AF38,7,PCHIP (clamped),400,171,19,0.11111111111111,293,0,0.0008282209779295,0.0011702533369588,0.0012344355144432,-6.2254972030641,-6.2263219016838,0.013247112524801,0
AF38,7,Cubic spline (clamped),400,171,19,0.11111111111111,293,0,0.00095130588057286,0.0013449274213409,0.0014243371142429,-6.2254972030641,-6.2271485330909,0.026525271363537,0
AF38,7,FCM-TS,400,171,19,0.11111111111111,293,0,0.0038731065219867,0.0027106647544055,0.003015362574262,-6.2254972030641,-6.2300509740498,0.073147105157727,0
AF38,7,SC9-TS,400,171,19,0.11111111111111,293,0,0.0079671232893209,0.0074394827669919,0.0089446769568804,-6.2254972030641,-6.2192415574095,0.10048427379407,0
AF38,7,SC16-TS,400,171,19,0.11111111111111,293,0,0.0028124733611954,0.0027377785307691,0.003281146542672,-6.2254972030641,-6.2210024245883,0.072199510001144,0
AF38,7,ANFIS-TS,400,171,19,0.11111111111111,293,0,0.0028627771783195,0.0025463456871048,0.0021914433050102,-6.2254972030641,-6.2253690135786,0.0020591043787241,29
AF38,8,Linear (clamped),400,171,25,0.14619883040936,293,0,0.00072477330911227,0.0010162354997332,0.00099487510445953,-6.2254972030641,-6.2252973416614,0.0032103685243821,0
AF38,8,PCHIP (clamped),400,171,25,0.14619883040936,293,0,0.00082905203587276,0.0011701374278252,0.00107602872878,-6.2254972030641,-6.2253495300159,0.0023720683405113,0
AF38,8,Cubic spline (clamped),400,171,25,0.14619883040936,293,0,0.00094563585657227,0.001336038489283,0.0013443846390686,-6.2254972030641,-6.2253900093623,0.0017218496495054,0
AF38,8,FCM-TS,400,171,25,0.14619883040936,293,0,0.0041167013873569,0.0031392918713237,0.0039569004196127,-6.2254972030641,-6.2330581346041,0.12145104709469,0
AF38,8,SC9-TS,400,171,25,0.14619883040936,293,0,0.0091061765644355,0.0087895170036676,0.014817347119448,-6.2254972030641,-6.2258886425134,0.0062876817151582,0
AF38,8,SC16-TS,400,171,25,0.14619883040936,293,0,0.0029315219093794,0.0029205510233291,0.0043439802715313,-6.2254972030641,-6.2283940334841,0.046531711854848,0
AF38,8,ANFIS-TS,400,171,25,0.14619883040936,293,0,0.0015018123776262,0.0013429833505392,0.00087717999073728,-6.2254972030641,-6.2267852645616,0.020690098405854,35
AF38,9,Linear (clamped),400,171,21,0.12280701754386,292,1,0.00076303950893161,0.0010657878276482,0.0011335251148571,-6.2254972030641,-6.2246563174909,0.013507123138341,0
AF38,9,PCHIP (clamped),400,171,21,0.12280701754386,292,1,0.00085526399326064,0.0012062216659014,0.0011494958512075,-6.2254972030641,-6.2247017387745,0.012777522238938,0
AF38,9,Cubic spline (clamped),400,171,21,0.12280701754386,292,1,0.0009168264649521,0.0012953041794834,0.0013614089148375,-6.2254972030641,-6.2242555406215,0.019944791589903,0
AF38,9,FCM-TS,400,171,21,0.12280701754386,292,1,0.0040400163105788,0.002981026053787,0.0045116539254339,-6.2254972030641,-6.2387301561354,0.21256058174372,0
AF38,9,SC9-TS,400,171,21,0.12280701754386,292,1,0.0096242844587799,0.0094611906149194,0.016445146399185,-6.2254972030641,-6.2222013902796,0.052940555219944,0
AF38,9,SC16-TS,400,171,21,0.12280701754386,292,1,0.0031142516501934,0.0032059363901231,0.0053206969724796,-6.2254972030641,-6.2253810109505,0.0018663909052465,0
AF38,9,ANFIS-TS,400,171,21,0.12280701754386,292,1,0.0029263275295423,0.0029642218755606,0.0046378189024242,-6.2254972030641,-6.2175983000429,0.12687987422616,31
AF39,0,Linear (clamped),400,171,23,0.13450292397661,510,219,0.00012585598716288,7.3461837841343e-05,6.6042529287844e-05,-238.75851499374,-238.75419492798,0.0018093870925758,0
AF39,0,PCHIP (clamped),400,171,23,0.13450292397661,510,219,6.0733913678133e-05,7.2318038788563e-05,7.1113945986296e-05,-238.75851499374,-238.76120820869,0.0011280079170031,0
AF39,0,Cubic spline (clamped),400,171,23,0.13450292397661,510,219,6.3538439703237e-05,8.4752944594502e-05,7.8246129309851e-05,-238.75851499374,-238.76384851432,0.002233855653879,0
AF39,0,FCM-TS,400,171,23,0.13450292397661,510,219,0.012075980760682,0.0017919224522594,0.00181793960218,-238.75851499374,-239.01432882743,0.10714333421679,0
AF39,0,SC9-TS,400,171,23,0.13450292397661,510,219,0.028136818716894,0.0098036887202453,0.0028329477760696,-238.75851499374,-238.67530873568,0.034849545808706,0
AF39,0,SC16-TS,400,171,23,0.13450292397661,510,219,0.005611403983802,0.0027527778263448,0.00089013931280632,-238.75851499374,-238.82620940137,0.028352667395772,0
AF39,0,ANFIS-TS,400,171,23,0.13450292397661,510,219,0.0049292166372933,0.0026626080585854,0.0022559579451212,-238.75851499374,-239.07162106916,0.13113922886997,46
AF39,1,Linear (clamped),400,171,28,0.16374269005848,512,220,0.00016542727845985,7.8581200077653e-05,6.8156420049047e-05,-238.75851499374,-238.74214529719,0.0068561728770556,0
AF39,1,PCHIP (clamped),400,171,28,0.16374269005848,512,220,6.8410052494904e-05,7.0599172427626e-05,7.4389465656018e-05,-238.75851499374,-238.75515286239,0.0014081723325608,0
AF39,1,Cubic spline (clamped),400,171,28,0.16374269005848,512,220,6.0299626434281e-05,7.6505848148104e-05,8.2927000527075e-05,-238.75851499374,-238.75788413813,0.00026422328931113,0
AF39,1,FCM-TS,400,171,28,0.16374269005848,512,220,0.012934464293044,0.0016698644236952,0.0017443249091886,-238.75851499374,-238.54118222737,0.091026184500692,0
AF39,1,SC9-TS,400,171,28,0.16374269005848,512,220,0.032885145118758,0.011261295118127,0.003332903109774,-238.75851499374,-239.3734077594,0.25753752308364,0
AF39,1,SC16-TS,400,171,28,0.16374269005848,512,220,0.0059595716307801,0.0029548860010002,0.00077041858879803,-238.75851499374,-238.50725722676,0.10523510208072,0
AF39,1,ANFIS-TS,400,171,28,0.16374269005848,512,220,0.0058764516064032,0.0061814994416606,0.0037835863012408,-238.75851499374,-238.68219103799,0.031967008904515,46
AF39,2,Linear (clamped),400,171,30,0.17543859649123,511,218,0.00021123707259832,8.1071713465971e-05,5.6481673859151e-05,-238.75851499374,-238.75614059614,0.00099447661277946,0
AF39,2,PCHIP (clamped),400,171,30,0.17543859649123,511,218,7.6776157539755e-05,7.1749305070286e-05,6.2994195578537e-05,-238.75851499374,-238.75784633443,0.00028005673864183,0
AF39,2,Cubic spline (clamped),400,171,30,0.17543859649123,511,218,6.8296426300883e-05,8.5221312586519e-05,7.3074901920298e-05,-238.75851499374,-238.7570353446,0.00061972622852999,0
AF39,2,FCM-TS,400,171,30,0.17543859649123,511,218,0.011902250117835,0.0016726304897026,0.0021579256194689,-238.75851499374,-238.46023229282,0.12493070704751,0
AF39,2,SC9-TS,400,171,30,0.17543859649123,511,218,0.031244326660763,0.010588182504157,0.003081735609655,-238.75851499374,-239.20746545636,0.18803537232464,0
AF39,2,SC16-TS,400,171,30,0.17543859649123,511,218,0.0056158250652799,0.0026824605254881,0.0010241117372917,-238.75851499374,-238.64989904208,0.045491969849224,0
AF39,2,ANFIS-TS,400,171,30,0.17543859649123,511,218,0.0036855409595948,0.0038854856294088,0.0021270152901284,-238.75851499374,-238.68598848329,0.030376512621118,46
AF39,3,Linear (clamped),400,171,15,0.087719298245614,511,218,0.00067637408561831,0.00028572230124777,7.5923349349451e-05,-238.75851499374,-238.74311974217,0.0064480429386479,0
AF39,3,PCHIP (clamped),400,171,15,0.087719298245614,511,218,0.00065559692068965,0.00028641751315785,0.00012284583132428,-238.75851499374,-238.75432277247,0.0017558415729006,0
AF39,3,Cubic spline (clamped),400,171,15,0.087719298245614,511,218,0.00065594474688912,0.00029261334325647,0.0001807250178863,-238.75851499374,-238.75735724503,0.0004849036307958,0
AF39,3,FCM-TS,400,171,15,0.087719298245614,511,218,0.012341773524109,0.0017363634354786,0.0013294368326177,-238.75851499374,-238.92848798793,0.071190338154778,0
AF39,3,SC9-TS,400,171,15,0.087719298245614,511,218,0.03320366176589,0.01081594298003,0.002886822996303,-238.75851499374,-239.12250420656,0.1524507776564,0
AF39,3,SC16-TS,400,171,15,0.087719298245614,511,218,0.0053988122555668,0.0028660266970438,0.00055412348047446,-238.75851499374,-238.8834025867,0.052307073935038,0
AF39,3,ANFIS-TS,400,171,15,0.087719298245614,511,218,0.0052399661891298,0.004134876520581,0.0015619291357116,-238.75851499374,-238.89202499499,0.055918425049964,46
AF39,4,Linear (clamped),400,171,26,0.15204678362573,512,218,0.00020477455404831,9.9679138044966e-05,6.0603747321799e-05,-238.75851499374,-238.73867758778,0.0083085648085465,0
AF39,4,PCHIP (clamped),400,171,26,0.15204678362573,512,218,8.3156032799096e-05,8.0405509370623e-05,6.8981949616095e-05,-238.75851499374,-238.75201716956,0.0027215046860234,0
AF39,4,Cubic spline (clamped),400,171,26,0.15204678362573,512,218,6.9190271623531e-05,8.6481297222373e-05,7.7487622095959e-05,-238.75851499374,-238.75534440294,0.0013279487820425,0
AF39,4,FCM-TS,400,171,26,0.15204678362573,512,218,0.012924210554104,0.0016098237300911,0.001545604751615,-238.75851499374,-239.0207785354,0.10984468623716,0
AF39,4,SC9-TS,400,171,26,0.15204678362573,512,218,0.032819272519002,0.010818621857399,0.00295243516122,-238.75851499374,-239.1774715084,0.17547291022387,0
AF39,4,SC16-TS,400,171,26,0.15204678362573,512,218,0.0066077836804627,0.0031335773274695,0.00080869071951662,-238.75851499374,-238.62259273706,0.056928757779159,0
AF39,4,ANFIS-TS,400,171,26,0.15204678362573,512,218,0.0073207350008216,0.0056486302593211,0.0016961554651892,-238.75851499374,-238.80640589325,0.020058300126235,46
AF39,5,Linear (clamped),400,171,23,0.13450292397661,511,218,0.00017350993933636,8.7071011224429e-05,7.5799087764738e-05,-238.75851499374,-238.75598988751,0.0010575983947708,0
AF39,5,PCHIP (clamped),400,171,23,0.13450292397661,511,218,8.5217610759169e-05,8.0795437161761e-05,9.2678662512148e-05,-238.75851499374,-238.76312358773,0.0019302323082833,0
AF39,5,Cubic spline (clamped),400,171,23,0.13450292397661,511,218,6.8758328823889e-05,9.0900105624768e-05,0.00011186859108877,-238.75851499374,-238.76211477336,0.0015077073271955,0
AF39,5,FCM-TS,400,171,23,0.13450292397661,511,218,0.012924388161499,0.0015140531940073,0.0015285680484319,-238.75851499374,-239.12158507919,0.15206581656941,0
AF39,5,SC9-TS,400,171,23,0.13450292397661,511,218,0.027600828494148,0.0094164963232229,0.0024171931955953,-238.75851499374,-239.5713215667,0.34043040223484,0
AF39,5,SC16-TS,400,171,23,0.13450292397661,511,218,0.0055276936500239,0.0026251545961978,0.00073566559716176,-238.75851499374,-238.92149651607,0.068262077413663,0
AF39,5,ANFIS-TS,400,171,23,0.13450292397661,511,218,0.0045480828306613,0.0040896523489136,0.0020530661283847,-238.75851499374,-238.99928214833,0.10084128501124,46
AF39,6,Linear (clamped),400,171,22,0.12865497076023,510,218,0.00068216700593831,0.00028846496268276,5.6581668042634e-05,-238.75851499374,-238.74783384412,0.004473620391162,0
AF39,6,PCHIP (clamped),400,171,22,0.12865497076023,510,218,0.00065597603176293,0.00028418404104,6.3599799852202e-05,-238.75851499374,-238.7540017203,0.0018903088914029,0
AF39,6,Cubic spline (clamped),400,171,22,0.12865497076023,510,218,0.0006547846618469,0.00028643980980217,7.3046831129844e-05,-238.75851499374,-238.75500412119,0.0014704700869334,0
AF39,6,FCM-TS,400,171,22,0.12865497076023,510,218,0.012607478291764,0.001791496572627,0.0016235181219403,-238.75851499374,-239.23221121547,0.19839971853956,0
AF39,6,SC9-TS,400,171,22,0.12865497076023,510,218,0.033495524979222,0.011217987097838,0.0032435678233456,-238.75851499374,-238.76595629169,0.0031166628555686,0
AF39,6,SC16-TS,400,171,22,0.12865497076023,510,218,0.0056916473506099,0.002859892875465,0.00074559391501546,-238.75851499374,-238.85074606855,0.038629438961334,0
AF39,6,ANFIS-TS,400,171,22,0.12865497076023,510,218,0.0056721875743631,0.0047721860404425,0.0010162752177274,-238.75851499374,-238.9373189021,0.074889018460154,46
AF39,7,Linear (clamped),400,171,23,0.13450292397661,510,218,0.00016414592713704,8.3991193351067e-05,7.4239286901517e-05,-238.75851499374,-238.74591089402,0.0052790157942754,0
AF39,7,PCHIP (clamped),400,171,23,0.13450292397661,510,218,7.3386357010406e-05,7.5883509205921e-05,8.133885398288e-05,-238.75851499374,-238.75491859898,0.0015062896335599,0
AF39,7,Cubic spline (clamped),400,171,23,0.13450292397661,510,218,6.5765494822721e-05,8.5371527386525e-05,9.1496656762592e-05,-238.75851499374,-238.75685814222,0.00069394447107241,0
AF39,7,FCM-TS,400,171,23,0.13450292397661,510,218,0.012854758531861,0.0015367839026613,0.0018199249644083,-238.75851499374,-239.14408268482,0.16148856140166,0
AF39,7,SC9-TS,400,171,23,0.13450292397661,510,218,0.028638867254406,0.0091835754459645,0.0030251086437086,-238.75851499374,-238.88589550553,0.053351191179405,0
AF39,7,SC16-TS,400,171,23,0.13450292397661,510,218,0.0059906034461266,0.0026715305785857,0.00094530176276329,-238.75851499374,-238.7733118948,0.0061974338665937,0
AF39,7,ANFIS-TS,400,171,23,0.13450292397661,510,218,0.0041745549141213,0.0042911864865482,0.0020592779605125,-238.75851499374,-239.10563456449,0.14538521097725,46
AF39,8,Linear (clamped),400,171,27,0.15789473684211,511,221,0.0002449469738998,8.4198407901462e-05,6.753612644656e-05,-238.75851499374,-238.73285219914,0.010748431147849,0
AF39,8,PCHIP (clamped),400,171,27,0.15789473684211,511,221,0.00010098652713044,7.173513956951e-05,7.3620274053868e-05,-238.75851499374,-238.75188723044,0.0027759275081288,0
AF39,8,Cubic spline (clamped),400,171,27,0.15789473684211,511,221,6.6372884576714e-05,7.9839719099341e-05,7.8080414752108e-05,-238.75851499374,-238.75851139518,1.5071927815507e-06,0
AF39,8,FCM-TS,400,171,27,0.15789473684211,511,221,0.011951653443208,0.0017887219914575,0.0020497869180854,-238.75851499374,-239.04416346052,0.11963906995735,0
AF39,8,SC9-TS,400,171,27,0.15789473684211,511,221,0.032300455513406,0.010503339571451,0.0026066873112171,-238.75851499374,-239.25243197289,0.20686884368175,0
AF39,8,SC16-TS,400,171,27,0.15789473684211,511,221,0.0056970758483831,0.0026069220022673,0.0011278956974591,-238.75851499374,-238.67577860969,0.034652746960129,0
AF39,8,ANFIS-TS,400,171,27,0.15789473684211,511,221,0.0036608279325249,0.0028480950762199,0.0031839024421244,-238.75851499374,-238.987862182,0.096058223628786,46
AF39,9,Linear (clamped),400,171,21,0.12280701754386,511,218,0.00093037206982239,0.00040937891141231,7.7185398563104e-05,-238.75851499374,-238.73749635897,0.0088033026854983,0
AF39,9,PCHIP (clamped),400,171,21,0.12280701754386,511,218,0.00091442423676939,0.00040639062975877,8.5934727550644e-05,-238.75851499374,-238.75218474619,0.0026513180239483,0
AF39,9,Cubic spline (clamped),400,171,21,0.12280701754386,511,218,0.00091378541172495,0.00040761853435771,9.2948241988518e-05,-238.75851499374,-238.7578139987,0.00029360001317564,0
AF39,9,FCM-TS,400,171,21,0.12280701754386,511,218,0.012509546631147,0.0018332825962493,0.0014800133029547,-238.75851499374,-239.31787018759,0.23427654249964,0
AF39,9,SC9-TS,400,171,21,0.12280701754386,511,218,0.034872697804504,0.011255645490968,0.0028626656289822,-238.75851499374,-239.93808419088,0.49404277672687,0
AF39,9,SC16-TS,400,171,21,0.12280701754386,511,218,0.0060834472866029,0.0027858633059937,0.00043584347318333,-238.75851499374,-238.81729580291,0.024619356162382,0
AF39,9,ANFIS-TS,400,171,21,0.12280701754386,511,218,0.0054220783987558,0.0024986238085722,0.001084933757514,-238.75851499374,-238.69146792684,0.02808153958443,46
AF40,0,Linear (clamped),400,171,26,0.15204678362573,452,167,0.00018389139358738,8.0362542718431e-05,8.0712122912344e-05,-204.72890654568,-204.71403795458,0.0072625753509692,0
AF40,0,PCHIP (clamped),400,171,26,0.15204678362573,452,167,7.0259338506661e-05,7.6508358158649e-05,8.6555040759162e-05,-204.72890654568,-204.72432919699,0.0022358096677034,0
AF40,0,Cubic spline (clamped),400,171,26,0.15204678362573,452,167,6.2401431772967e-05,8.4538589921408e-05,9.0715462736121e-05,-204.72890654568,-204.72468953083,0.0020598043143817,0
AF40,0,FCM-TS,400,171,26,0.15204678362573,452,167,0.011415018478931,0.0013242026759282,0.0012606800353268,-204.72890654568,-204.73994639595,0.0053924237944108,0
AF40,0,SC9-TS,400,171,26,0.15204678362573,452,167,0.01771757542498,0.009963196972637,0.0051306511395713,-204.72890654568,-205.50328332768,0.37824496553457,0
AF40,0,SC16-TS,400,171,26,0.15204678362573,452,167,0.0085597618334789,0.0029036477773646,0.0011569217442786,-204.72890654568,-204.82630345213,0.047573597735762,0
AF40,0,ANFIS-TS,400,171,26,0.15204678362573,452,167,0.0056169861290392,0.0047711025846843,0.0021190770821276,-204.72890654568,-204.5958316662,0.065000532521756,46
AF40,1,Linear (clamped),400,171,18,0.10526315789474,452,167,0.00015811432127428,8.6178152263588e-05,8.9406556954297e-05,-204.72890654568,-204.72490045604,0.0019567777246081,0
AF40,1,PCHIP (clamped),400,171,18,0.10526315789474,452,167,7.0908277310445e-05,8.1698203234855e-05,9.7064887188553e-05,-204.72890654568,-204.73031431646,0.00068762677847195,0
AF40,1,Cubic spline (clamped),400,171,18,0.10526315789474,452,167,6.7640446786262e-05,9.021650669453e-05,0.00010387173748262,-204.72890654568,-204.73068801176,0.00087015854851162,0
AF40,1,FCM-TS,400,171,18,0.10526315789474,452,167,0.011669923002669,0.0012494589963502,0.0011663834745805,-204.72890654568,-205.02200527666,0.1431643122256,0
AF40,1,SC9-TS,400,171,18,0.10526315789474,452,167,0.018620930620272,0.011525153711099,0.0055451108725829,-204.72890654568,-204.98054605814,0.12291352340463,0
AF40,1,SC16-TS,400,171,18,0.10526315789474,452,167,0.0078407589001914,0.0030851410966645,0.0010138543424707,-204.72890654568,-204.44015790511,0.14103950704579,0
AF40,1,ANFIS-TS,400,171,18,0.10526315789474,452,167,0.0043093159199056,0.0037422632147131,0.001996534189407,-204.72890654568,-204.70594594929,0.01121512188003,46
AF40,2,Linear (clamped),400,171,23,0.13450292397661,452,167,0.00017642311517559,9.3163200911514e-05,9.2526104894397e-05,-204.72890654568,-204.71090819861,0.0087913071814563,0
AF40,2,PCHIP (clamped),400,171,23,0.13450292397661,452,167,7.4757616111892e-05,8.1087368563828e-05,9.3866823248539e-05,-204.72890654568,-204.7247197417,0.0020450477911769,0
AF40,2,Cubic spline (clamped),400,171,23,0.13450292397661,452,167,6.4692281926833e-05,8.7979493491813e-05,0.00011198732859586,-204.72890654568,-204.72542080165,0.0017026144926117,0
AF40,2,FCM-TS,400,171,23,0.13450292397661,452,167,0.011881523077514,0.0012320407310595,0.0011339633260295,-204.72890654568,-204.85371801082,0.060964261101558,0
AF40,2,SC9-TS,400,171,23,0.13450292397661,452,167,0.017310610246449,0.010813814117451,0.0044246232368832,-204.72890654568,-205.54338684356,0.39783356030576,0
AF40,2,SC16-TS,400,171,23,0.13450292397661,452,167,0.0083750404349837,0.0028225887924998,0.00105038508871,-204.72890654568,-204.69420972731,0.016947688995714,0
AF40,2,ANFIS-TS,400,171,23,0.13450292397661,452,167,0.0054006357755088,0.0017315532721284,0.00095410639289557,-204.72890654568,-204.51899157804,0.10253313573535,46
AF40,3,Linear (clamped),400,171,30,0.17543859649123,452,167,0.00076329223240621,0.00023331599331044,8.0580767699135e-05,-204.72890654568,-204.71383535495,0.0073615353019389,0
AF40,3,PCHIP (clamped),400,171,30,0.17543859649123,452,167,0.000748102873294,0.00023318094391378,8.4865128731318e-05,-204.72890654568,-204.72396522635,0.0024135914206147,0
AF40,3,Cubic spline (clamped),400,171,30,0.17543859649123,452,167,0.00074791142115963,0.00023712241036551,9.7483385373765e-05,-204.72890654568,-204.72680225904,0.0010278405103155,0
AF40,3,FCM-TS,400,171,30,0.17543859649123,452,167,0.011992673799091,0.001350772697739,0.0011610757072053,-204.72890654568,-204.61354327453,0.056349283104795,0
AF40,3,SC9-TS,400,171,30,0.17543859649123,452,167,0.020266812660853,0.011122173111448,0.0054008692268334,-204.72890654568,-205.47233928303,0.36313032189529,0
AF40,3,SC16-TS,400,171,30,0.17543859649123,452,167,0.0086618480142361,0.0030218745535275,0.00089652325597684,-204.72890654568,-204.72746119473,0.00070598283858206,0
AF40,3,ANFIS-TS,400,171,30,0.17543859649123,452,167,0.004971578699576,0.0020784868411318,0.0015161084236432,-204.72890654568,-204.57697263009,0.074212243961534,46
AF40,4,Linear (clamped),400,171,20,0.11695906432749,453,168,0.00014884651844598,9.1986343356263e-05,7.3919726174655e-05,-204.72890654568,-204.71164026189,0.0084337302837561,0
AF40,4,PCHIP (clamped),400,171,20,0.11695906432749,453,168,7.2871629811071e-05,7.9224224606667e-05,8.7768616121537e-05,-204.72890654568,-204.72625672772,0.0012943057269819,0
AF40,4,Cubic spline (clamped),400,171,20,0.11695906432749,453,168,7.045618768859e-05,9.5402455440362e-05,0.00011521602372941,-204.72890654568,-204.73066094248,0.00085693653449154,0
AF40,4,FCM-TS,400,171,20,0.11695906432749,453,168,0.011869665709061,0.0012677240412777,0.0010753044656342,-204.72890654568,-204.81116948478,0.040181399141306,0
AF40,4,SC9-TS,400,171,20,0.11695906432749,453,168,0.018745838116621,0.011078225356416,0.005081972756867,-204.72890654568,-205.34021232497,0.29859280235904,0
AF40,4,SC16-TS,400,171,20,0.11695906432749,453,168,0.0090798733067327,0.0032666019620302,0.00099224462439423,-204.72890654568,-204.4662182565,0.12831030732653,0
AF40,4,ANFIS-TS,400,171,20,0.11695906432749,453,168,0.0025309053082449,0.0011978712527639,0.00058658773359105,-204.72890654568,-204.82827526548,0.048536731563189,46
AF40,5,Linear (clamped),400,171,21,0.12280701754386,452,168,0.00014691086596709,8.2227714001816e-05,9.8660171158959e-05,-204.72890654568,-204.7112345163,0.0086319170442188,0
AF40,5,PCHIP (clamped),400,171,21,0.12280701754386,452,168,7.8053105419597e-05,9.5498343049977e-05,0.00014584193671157,-204.72890654568,-204.72683817062,0.0010102994725855,0
AF40,5,Cubic spline (clamped),400,171,21,0.12280701754386,452,168,8.6955323800989e-05,0.00011902798633198,0.00018509101267819,-204.72890654568,-204.72990674343,0.00048854740074112,0
AF40,5,FCM-TS,400,171,21,0.12280701754386,452,168,0.011358335907169,0.0011566554691156,0.0012517689060393,-204.72890654568,-204.78103102954,0.025460246304451,0
AF40,5,SC9-TS,400,171,21,0.12280701754386,452,168,0.013541466249009,0.0095581333318501,0.0048110225474316,-204.72890654568,-205.5229280533,0.38784044765288,0
AF40,5,SC16-TS,400,171,21,0.12280701754386,452,168,0.006606092125168,0.0027486913874489,0.00092624802189397,-204.72890654568,-204.87064523371,0.069232376815182,0
AF40,5,ANFIS-TS,400,171,21,0.12280701754386,452,168,0.0054100744754316,0.0042106571545469,0.0028093879731629,-204.72890654568,-204.6305372116,0.048048580799621,46
AF40,6,Linear (clamped),400,171,27,0.15789473684211,454,167,0.00075888036864138,0.00023329336492487,7.944412994195e-05,-204.72890654568,-204.7092784214,0.009587373178857,0
AF40,6,PCHIP (clamped),400,171,27,0.15789473684211,454,167,0.00074823787498759,0.00023312759962087,9.599294186534e-05,-204.72890654568,-204.72556252026,0.001633391920124,0
AF40,6,Cubic spline (clamped),400,171,27,0.15789473684211,454,167,0.00074797046100018,0.0002373176371728,0.00011550153424267,-204.72890654568,-204.73073243617,0.00089185768851913,0
AF40,6,FCM-TS,400,171,27,0.15789473684211,454,167,0.011742225240021,0.0013420723777982,0.0013609163568353,-204.72890654568,-204.25932753642,0.22936624689891,0
AF40,6,SC9-TS,400,171,27,0.15789473684211,454,167,0.019865046119606,0.011545094716377,0.004761597977653,-204.72890654568,-205.2933754003,0.27571526861578,0
AF40,6,SC16-TS,400,171,27,0.15789473684211,454,167,0.0084455050404995,0.0030227086280937,0.0010311264773129,-204.72890654568,-204.65273623981,0.03720544751331,0
AF40,6,ANFIS-TS,400,171,27,0.15789473684211,454,167,0.0043891841143959,0.0031723141152935,0.0015411757122425,-204.72890654568,-204.57812755419,0.073648120352334,46
AF40,7,Linear (clamped),400,171,23,0.13450292397661,452,167,0.00015428337383009,8.3118792336172e-05,8.7592654794695e-05,-204.72890654568,-204.7111318945,0.0086820427430255,0
AF40,7,PCHIP (clamped),400,171,23,0.13450292397661,452,167,6.7835767354544e-05,7.5672174773102e-05,8.6385611212429e-05,-204.72890654568,-204.72594193544,0.0014480662694362,0
AF40,7,Cubic spline (clamped),400,171,23,0.13450292397661,452,167,6.187513875383e-05,8.1170405523115e-05,9.1427808558737e-05,-204.72890654568,-204.72903138299,6.0976883704675e-05,0
AF40,7,FCM-TS,400,171,23,0.13450292397661,452,167,0.010901299232381,0.0011592711140523,0.0012909252375695,-204.72890654568,-204.41030027595,0.15562349015871,0
AF40,7,SC9-TS,400,171,23,0.13450292397661,452,167,0.015042249356785,0.0093954130212542,0.0048893897990088,-204.72890654568,-205.21845677049,0.23912120328755,0
AF40,7,SC16-TS,400,171,23,0.13450292397661,452,167,0.0075497125676388,0.0028230520686406,0.0010371609626081,-204.72890654568,-204.71384149308,0.0073585371252216,0
AF40,7,ANFIS-TS,400,171,23,0.13450292397661,452,167,0.005402594830599,0.0022480239654403,0.0018688427827572,-204.72890654568,-204.36707550727,0.17673666338187,46
AF40,8,Linear (clamped),400,171,22,0.12865497076023,452,167,0.00016382531165808,9.207365961981e-05,7.9034519959802e-05,-204.72890654568,-204.71043013034,0.0090248200155524,0
AF40,8,PCHIP (clamped),400,171,22,0.12865497076023,452,167,8.6979509725032e-05,7.8836045806522e-05,9.2702585727222e-05,-204.72890654568,-204.72826321945,0.00031423321489635,0
AF40,8,Cubic spline (clamped),400,171,22,0.12865497076023,452,167,6.7598010647326e-05,8.8576450437123e-05,0.00010238132013011,-204.72890654568,-204.72997760257,0.00052315860509147,0
AF40,8,FCM-TS,400,171,22,0.12865497076023,452,167,0.010754423502448,0.001338272174341,0.00094496948001106,-204.72890654568,-204.75313390506,0.011833873286182,0
AF40,8,SC9-TS,400,171,22,0.12865497076023,452,167,0.019422272311124,0.010773908716575,0.0053126053789778,-204.72890654568,-205.5822108019,0.41679715415822,0
AF40,8,SC16-TS,400,171,22,0.12865497076023,452,167,0.0079429308503855,0.0027986428162747,0.0010632742746144,-204.72890654568,-204.67631614542,0.025687823543536,0
AF40,8,ANFIS-TS,400,171,22,0.12865497076023,452,167,0.005844191813006,0.0030151999561355,0.0018465703502526,-204.72890654568,-204.75785576261,0.014140268426531,46
AF40,9,Linear (clamped),400,171,23,0.13450292397661,452,167,0.001080767266346,0.00032833352356885,0.00010369632636264,-204.72890654568,-204.71060377426,0.0089400035019194,0
AF40,9,PCHIP (clamped),400,171,23,0.13450292397661,452,167,0.0010683731644767,0.00032637580103611,0.00012348897503669,-204.72890654568,-204.72640648902,0.001221154694997,0
AF40,9,Cubic spline (clamped),400,171,23,0.13450292397661,452,167,0.0010681613158121,0.000329459100208,0.0001481632946068,-204.72890654568,-204.72993741043,0.00050352672167088,0
AF40,9,FCM-TS,400,171,23,0.13450292397661,452,167,0.011665650446554,0.001394646513912,0.0010641960081091,-204.72890654568,-204.31996281169,0.19974889764417,0
AF40,9,SC9-TS,400,171,23,0.13450292397661,452,167,0.020842422080583,0.011546762436677,0.0051167402657078,-204.72890654568,-205.95094005913,0.59690325810599,0
AF40,9,SC16-TS,400,171,23,0.13450292397661,452,167,0.0092581158234923,0.0029851056045133,0.0011386716660837,-204.72890654568,-204.81314462992,0.041146160383698,0
AF40,9,ANFIS-TS,400,171,23,0.13450292397661,452,167,0.0051402964120616,0.0029494309643553,0.0013752058864446,-204.72890654568,-204.65914911325,0.034073074292924,46
